datetime,discharge(cumecs),sld_sus(mg/l),date,site_name
2009-02-27 15:10:00,4.59,6.4,2009-02-27 00:00:00,Mole above Thames
2009-03-24 14:45:00,3.96,6.5,2009-03-24 00:00:00,Mole above Thames
2009-05-01 14:45:00,3.13,7.4,2009-05-01 00:00:00,Mole above Thames
2009-05-19 14:40:00,4.83,9.2,2009-05-19 00:00:00,Mole above Thames
2009-07-02 14:50:00,1.91,3.6,2009-07-02 00:00:00,Mole above Thames
2009-07-23 13:00:00,1.68,4.5,2009-07-23 00:00:00,Mole above Thames
2009-08-20 13:45:00,2.58,5.5,2009-08-20 00:00:00,Mole above Thames
2009-09-24 15:00:00,1.33,3.8,2009-09-24 00:00:00,Mole above Thames
2009-10-23 11:25:00,1.68,4.2,2009-10-23 00:00:00,Mole above Thames
2009-11-18 15:47:00,15.9,20.7,2009-11-18 00:00:00,Mole above Thames
2009-12-03 16:20:00,33.9,35.7,2009-12-03 00:00:00,Mole above Thames
2010-01-25 15:11:00,11.2,17.2,2010-01-25 00:00:00,Mole above Thames
2010-02-25 14:10:00,31.3,34.0,2010-02-25 00:00:00,Mole above Thames
2010-03-26 15:15:00,11.6,11.3,2010-03-26 00:00:00,Mole above Thames
2010-05-05 16:00:00,3.01,7.78,2010-05-05 00:00:00,Mole above Thames
2010-05-26 13:15:00,2.03,11.0,2010-05-26 00:00:00,Mole above Thames
2010-08-20 12:10:00,1.26,4.57,2010-08-20 00:00:00,Mole above Thames
2010-09-23 15:00:00,2.03,3.97,2010-09-23 00:00:00,Mole above Thames
2010-10-27 13:00:00,2.65,5.58,2010-10-27 00:00:00,Mole above Thames
2010-11-16 13:20:00,6.23,31.8,2010-11-16 00:00:00,Mole above Thames
2010-12-16 12:01:00,3.73,9.22,2010-12-16 00:00:00,Mole above Thames
2011-01-31 08:30:00,4.19,11.3,2011-01-31 00:00:00,Mole above Thames
2011-02-24 10:00:00,7.6,14.2,2011-02-24 00:00:00,Mole above Thames
2011-03-15 09:00:00,3.05,5.77,2011-03-15 00:00:00,Mole above Thames
2011-04-27 08:05:00,1.67,15.3,2011-04-27 00:00:00,Mole above Thames
2011-05-31 11:10:00,1.15,5.98,2011-05-31 00:00:00,Mole above Thames
2011-06-06 14:45:00,3.21,5.37,2011-06-06 00:00:00,Mole above Thames
2011-07-26 08:30:00,1.49,3.85,2011-07-26 00:00:00,Mole above Thames
2011-11-18 12:43:00,1.39,3.62,2011-11-18 00:00:00,Mole above Thames
2011-12-02 08:53:00,4.65,4.9,2011-12-02 00:00:00,Mole above Thames
2012-01-12 09:53:00,2.86,12.4,2012-01-12 00:00:00,Mole above Thames
2012-02-01 10:38:00,2.37,8.6,2012-02-01 00:00:00,Mole above Thames
2012-03-02 10:20:00,1.74,5.38,2012-03-02 00:00:00,Mole above Thames
2012-04-03 08:15:00,1.45,7.87,2012-04-03 00:00:00,Mole above Thames
2012-05-02 11:37:00,13.3,25.8,2012-05-02 00:00:00,Mole above Thames
2012-06-07 15:01:00,3.76,4.58,2012-06-07 00:00:00,Mole above Thames
2012-07-04 14:15:00,5.12,4.97,2012-07-04 00:00:00,Mole above Thames
2012-07-24 14:08:00,3.24,6.5,2012-07-24 00:00:00,Mole above Thames
2012-10-12 10:41:00,5.27,7.67,2012-10-12 00:00:00,Mole above Thames
2012-10-31 14:15:00,3.86,8.8,2012-10-31 00:00:00,Mole above Thames
2012-11-28 10:37:00,15.1,41.7,2012-11-28 00:00:00,Mole above Thames
2009-02-23 09:15:00,8.51,6.9,2009-02-23 00:00:00,Wey above Thames
2009-03-24 09:50:00,6.51,7.1,2009-03-24 00:00:00,Wey above Thames
2009-04-20 11:45:00,5.93,15.4,2009-04-20 00:00:00,Wey above Thames
2009-06-04 11:15:00,3.93,7.4,2009-06-04 00:00:00,Wey above Thames
2009-06-23 13:55:00,3.6,7.2,2009-06-23 00:00:00,Wey above Thames
2009-07-21 10:26:00,3.71,6.2,2009-07-21 00:00:00,Wey above Thames
2009-08-17 10:05:00,3.36,7.4,2009-08-17 00:00:00,Wey above Thames
2009-09-22 11:18:00,3.31,4.0,2009-09-22 00:00:00,Wey above Thames
2009-11-03 10:50:00,6.23,8.9,2009-11-03 00:00:00,Wey above Thames
2009-11-24 09:47:00,17.4,39.9,2009-11-24 00:00:00,Wey above Thames
2009-12-10 09:45:00,14.1,21.6,2009-12-10 00:00:00,Wey above Thames
2010-01-25 11:35:00,14.0,15.7,2010-01-25 00:00:00,Wey above Thames
2010-02-22 14:48:00,30.8,84.9,2010-02-22 00:00:00,Wey above Thames
2010-03-25 11:00:00,14.1,13.4,2010-03-25 00:00:00,Wey above Thames
2010-04-27 09:39:00,6.37,12.2,2010-04-27 00:00:00,Wey above Thames
2010-05-28 12:00:00,5.01,11.4,2010-05-28 00:00:00,Wey above Thames
2010-06-21 10:31:00,4.06,7.08,2010-06-21 00:00:00,Wey above Thames
2010-07-23 10:25:00,3.59,10.7,2010-07-23 00:00:00,Wey above Thames
2010-09-02 10:50:00,3.92,5.92,2010-09-02 00:00:00,Wey above Thames
2010-09-24 13:00:00,4.96,9.75,2010-09-24 00:00:00,Wey above Thames
2010-10-21 09:10:00,4.44,5.1,2010-10-21 00:00:00,Wey above Thames
2010-11-16 09:50:00,8.75,14.7,2010-11-16 00:00:00,Wey above Thames
2010-12-15 11:13:00,6.39,6.33,2010-12-15 00:00:00,Wey above Thames
2011-02-09 10:35:00,6.42,7.47,2011-02-09 00:00:00,Wey above Thames
2011-03-24 10:55:00,5.7,9.4,2011-03-24 00:00:00,Wey above Thames
2011-03-29 11:25:00,5.37,13.0,2011-03-29 00:00:00,Wey above Thames
2011-04-27 09:40:00,4.07,28.6,2011-04-27 00:00:00,Wey above Thames
2011-06-03 12:30:00,3.36,8.22,2011-06-03 00:00:00,Wey above Thames
2011-06-21 09:15:00,4.55,7.9,2011-06-21 00:00:00,Wey above Thames
2011-08-15 11:45:00,3.22,4.32,2011-08-15 00:00:00,Wey above Thames
2011-08-25 14:55:00,5.65,7.82,2011-08-25 00:00:00,Wey above Thames
2011-09-21 12:40:00,3.67,5.93,2011-09-21 00:00:00,Wey above Thames
2011-10-14 11:45:00,3.03,3.83,2011-10-14 00:00:00,Wey above Thames
2011-10-24 10:55:00,3.34,5.58,2011-10-24 00:00:00,Wey above Thames
2011-11-07 10:33:00,5.54,21.1,2011-11-07 00:00:00,Wey above Thames
2011-12-06 10:04:00,4.31,7.07,2011-12-06 00:00:00,Wey above Thames
2012-01-24 14:15:00,6.63,6.92,2012-01-24 00:00:00,Wey above Thames
2012-02-24 09:25:00,4.62,6.68,2012-02-24 00:00:00,Wey above Thames
2012-04-11 09:10:00,5.43,12.8,2012-04-11 00:00:00,Wey above Thames
2012-04-25 09:20:00,26.3,29.6,2012-04-25 00:00:00,Wey above Thames
2012-05-25 13:12:00,4.99,20.0,2012-05-25 00:00:00,Wey above Thames
2012-05-28 09:41:00,4.15,21.6,2012-05-28 00:00:00,Wey above Thames
2012-07-04 11:54:00,6.82,8.02,2012-07-04 00:00:00,Wey above Thames
2012-07-25 08:39:00,4.81,8.65,2012-07-25 00:00:00,Wey above Thames
2012-08-22 09:28:00,3.75,6.73,2012-08-22 00:00:00,Wey above Thames
2012-11-01 09:11:00,16.0,5.83,2012-11-01 00:00:00,Wey above Thames
2012-11-12 10:23:00,7.48,8.62,2012-11-12 00:00:00,Wey above Thames
2012-11-21 12:10:00,20.0,44.5,2012-11-21 00:00:00,Wey above Thames
2009-02-26 13:10:00,94.3,11.5,2009-02-26 00:00:00,Thames at Teddington Weir
2009-03-25 14:30:00,57.1,5.1,2009-03-25 00:00:00,Thames at Teddington Weir
2009-04-24 13:50:00,32.3,54.7,2009-04-24 00:00:00,Thames at Teddington Weir
2009-06-01 11:30:00,12.8,19.2,2009-06-01 00:00:00,Thames at Teddington Weir
2009-06-24 13:45:00,9.15,21.9,2009-06-24 00:00:00,Thames at Teddington Weir
2009-07-22 13:45:00,7.38,6.6,2009-07-22 00:00:00,Thames at Teddington Weir
2009-08-17 14:55:00,9.36,6.0,2009-08-17 00:00:00,Thames at Teddington Weir
2009-09-24 13:45:00,9.68,5.0,2009-09-24 00:00:00,Thames at Teddington Weir
2009-11-09 12:00:00,9.93,5.1,2009-11-09 00:00:00,Thames at Teddington Weir
2009-11-19 10:20:00,30.2,16.0,2009-11-19 00:00:00,Thames at Teddington Weir
2009-12-04 10:00:00,203.0,98.7,2009-12-04 00:00:00,Thames at Teddington Weir
2010-02-12 10:10:00,79.4,8.87,2010-02-12 00:00:00,Thames at Teddington Weir
2010-02-23 11:00:00,225.0,13.9,2010-02-23 00:00:00,Thames at Teddington Weir
2010-03-23 10:40:00,79.1,12.8,2010-03-23 00:00:00,Thames at Teddington Weir
2010-05-10 11:35:00,35.7,5.15,2010-05-10 00:00:00,Thames at Teddington Weir
2010-05-28 10:00:00,23.9,31.8,2010-05-28 00:00:00,Thames at Teddington Weir
2010-07-01 10:40:00,11.0,5.82,2010-07-01 00:00:00,Thames at Teddington Weir
2010-07-30 09:25:00,6.9,5.42,2010-07-30 00:00:00,Thames at Teddington Weir
2010-08-23 10:05:00,45.2,9.77,2010-08-23 00:00:00,Thames at Teddington Weir
2010-10-01 10:25:00,23.8,4.1,2010-10-01 00:00:00,Thames at Teddington Weir
2010-11-11 08:55:00,60.3,36.4,2010-11-11 00:00:00,Thames at Teddington Weir
2010-11-25 11:15:00,29.0,8.43,2010-11-25 00:00:00,Thames at Teddington Weir
2010-12-08 11:35:00,25.6,8.32,2010-12-08 00:00:00,Thames at Teddington Weir
2011-02-08 12:50:00,46.2,11.9,2011-02-08 00:00:00,Thames at Teddington Weir
2011-03-01 11:50:00,116.0,25.0,2011-03-01 00:00:00,Thames at Teddington Weir
2011-03-24 12:40:00,38.0,3.65,2011-03-24 00:00:00,Thames at Teddington Weir
2011-04-15 10:30:00,20.5,15.5,2011-04-15 00:00:00,Thames at Teddington Weir
2011-05-19 10:05:00,8.63,9.62,2011-05-19 00:00:00,Thames at Teddington Weir
2011-06-15 10:02:00,7.52,5.7,2011-06-15 00:00:00,Thames at Teddington Weir
2011-07-18 09:38:00,6.96,4.52,2011-07-18 00:00:00,Thames at Teddington Weir
2011-08-24 11:41:00,6.44,4.55,2011-08-24 00:00:00,Thames at Teddington Weir
2011-10-19 10:42:00,6.59,3.1,2011-10-19 00:00:00,Thames at Teddington Weir
2011-11-11 09:54:00,7.25,3.73,2011-11-11 00:00:00,Thames at Teddington Weir
2011-12-29 11:01:00,5.97,6.12,2011-12-29 00:00:00,Thames at Teddington Weir
2012-01-10 11:07:00,11.6,6.85,2012-01-10 00:00:00,Thames at Teddington Weir
2012-02-08 11:56:00,26.7,5.52,2012-02-08 00:00:00,Thames at Teddington Weir
2012-03-09 10:17:00,26.9,8.37,2012-03-09 00:00:00,Thames at Teddington Weir
2012-04-11 14:05:00,14.9,12.0,2012-04-11 00:00:00,Thames at Teddington Weir
2012-05-02 12:26:00,237.0,81.4,2012-05-02 00:00:00,Thames at Teddington Weir
2012-06-13 12:12:00,205.0,45.7,2012-06-13 00:00:00,Thames at Teddington Weir
2012-07-04 11:56:00,52.7,6.12,2012-07-04 00:00:00,Thames at Teddington Weir
2012-08-31 14:34:00,45.9,9.5,2012-08-31 00:00:00,Thames at Teddington Weir
2012-10-31 11:55:00,58.7,4.4,2012-10-31 00:00:00,Thames at Teddington Weir
2012-11-11 13:28:00,103.0,16.5,2012-11-11 00:00:00,Thames at Teddington Weir
2012-11-12 12:03:00,93.8,14.0,2012-11-12 00:00:00,Thames at Teddington Weir
2012-12-12 10:47:00,114.0,8.5,2012-12-12 00:00:00,Thames at Teddington Weir
2009-02-19 14:00:00,6.725,9.5,2009-02-19 00:00:00,Colne above Thames
2009-03-17 13:15:00,6.207,7.6,2009-03-17 00:00:00,Colne above Thames
2009-04-15 13:50:00,6.278,9.0,2009-04-15 00:00:00,Colne above Thames
2009-05-22 13:20:00,4.578,9.8,2009-05-22 00:00:00,Colne above Thames
2009-06-17 12:50:00,4.243,6.0,2009-06-17 00:00:00,Colne above Thames
2009-07-20 12:25:00,3.772,4.3,2009-07-20 00:00:00,Colne above Thames
2009-08-17 14:40:00,2.858,5.3,2009-08-17 00:00:00,Colne above Thames
2009-10-02 14:35:00,2.447,6.0,2009-10-02 00:00:00,Colne above Thames
2009-10-16 14:00:00,2.452,3.2,2009-10-16 00:00:00,Colne above Thames
2009-11-17 15:40:00,3.327,7.7,2009-11-17 00:00:00,Colne above Thames
2009-12-07 12:40:00,6.3,11.9,2009-12-07 00:00:00,Colne above Thames
2010-01-21 13:55:00,4.796,9.35,2010-01-21 00:00:00,Colne above Thames
2010-03-05 14:00:00,6.193,9.32,2010-03-05 00:00:00,Colne above Thames
2010-03-29 13:35:00,5.86,15.9,2010-03-29 00:00:00,Colne above Thames
2010-04-22 13:50:00,4.755,10.1,2010-04-22 00:00:00,Colne above Thames
2010-05-28 13:00:00,4.169,10.9,2010-05-28 00:00:00,Colne above Thames
2010-06-15 13:55:00,4.278,10.0,2010-06-15 00:00:00,Colne above Thames
2010-07-27 14:00:00,2.993,9.8,2010-07-27 00:00:00,Colne above Thames
2010-08-13 14:00:00,3.094,8.67,2010-08-13 00:00:00,Colne above Thames
2010-09-16 12:10:00,3.486,6.98,2010-09-16 00:00:00,Colne above Thames
2010-10-27 13:30:00,3.427,11.0,2010-10-27 00:00:00,Colne above Thames
2010-11-24 10:45:00,3.138,9.37,2010-11-24 00:00:00,Colne above Thames
2010-12-09 12:45:00,2.893,8.45,2010-12-09 00:00:00,Colne above Thames
2011-01-28 11:15:00,3.721,14.2,2011-01-28 00:00:00,Colne above Thames
2011-02-22 12:25:00,4.317,11.5,2011-02-22 00:00:00,Colne above Thames
2011-03-21 11:50:00,3.566,14.3,2011-03-21 00:00:00,Colne above Thames
2011-04-06 12:00:00,3.478,16.2,2011-04-06 00:00:00,Colne above Thames
2011-05-25 12:05:00,2.527,7.02,2011-05-25 00:00:00,Colne above Thames
2011-06-27 12:50:00,2.714,10.2,2011-06-27 00:00:00,Colne above Thames
2011-07-19 12:10:00,2.803,7.68,2011-07-19 00:00:00,Colne above Thames
2011-08-10 12:25:00,2.119,7.4,2011-08-10 00:00:00,Colne above Thames
2011-09-29 14:00:00,2.114,7.2,2011-09-29 00:00:00,Colne above Thames
2011-10-20 11:10:00,1.804,8.12,2011-10-20 00:00:00,Colne above Thames
2011-11-23 13:10:00,1.876,8.4,2011-11-23 00:00:00,Colne above Thames
2011-12-12 14:35:00,2.757,15.8,2011-12-12 00:00:00,Colne above Thames
2012-01-19 13:00:00,2.674,8.7,2012-01-19 00:00:00,Colne above Thames
2012-02-20 14:10:00,2.397,15.0,2012-02-20 00:00:00,Colne above Thames
2012-03-26 11:00:00,2.052,21.1,2012-03-26 00:00:00,Colne above Thames
2012-04-16 12:20:00,1.928,25.7,2012-04-16 00:00:00,Colne above Thames
2012-05-14 13:27:00,2.921,15.9,2012-05-14 00:00:00,Colne above Thames
2012-08-08 13:26:00,3.229,7.62,2012-08-08 00:00:00,Colne above Thames
2012-08-16 12:52:00,2.771,4.85,2012-08-16 00:00:00,Colne above Thames
2012-09-03 14:38:00,2.899,4.12,2012-09-03 00:00:00,Colne above Thames
2012-10-18 14:14:00,4.799,8.32,2012-10-18 00:00:00,Colne above Thames
2012-10-26 12:53:00,3.286,6.83,2012-10-26 00:00:00,Colne above Thames
2012-11-15 13:14:00,3.141,17.1,2012-11-15 00:00:00,Colne above Thames
2012-11-23 16:19:00,5.865,44.9,2012-11-23 00:00:00,Colne above Thames
2009-02-12 08:50:00,297.3,53.6,2009-02-12 00:00:00,Thames at Windsor Leisure Centr
2009-03-05 09:30:00,133.5,16.7,2009-03-05 00:00:00,Thames at Windsor Leisure Centr
2009-04-02 09:10:00,46.72,10.9,2009-04-02 00:00:00,Thames at Windsor Leisure Centr
2009-04-30 09:20:00,41.83,32.4,2009-04-30 00:00:00,Thames at Windsor Leisure Centr
2009-05-28 08:20:00,30.46,48.3,2009-05-28 00:00:00,Thames at Windsor Leisure Centr
2009-06-30 13:15:00,20.56,6.7,2009-06-30 00:00:00,Thames at Windsor Leisure Centr
2009-07-30 08:30:00,28.29,9.0,2009-07-30 00:00:00,Thames at Windsor Leisure Centr
2009-08-27 09:50:00,16.3,4.9,2009-08-27 00:00:00,Thames at Windsor Leisure Centr
2009-11-27 07:29:00,91.97,36.6,2009-11-27 00:00:00,Thames at Windsor Leisure Centr
2010-01-21 10:45:00,205.8,37.6,2010-01-21 00:00:00,Thames at Windsor Leisure Centr
2010-02-04 09:30:00,111.9,9.35,2010-02-04 00:00:00,Thames at Windsor Leisure Centr
2010-03-04 09:30:00,146.1,27.6,2010-03-04 00:00:00,Thames at Windsor Leisure Centr
2010-04-08 08:37:00,80.19,11.8,2010-04-08 00:00:00,Thames at Windsor Leisure Centr
2010-05-06 09:10:00,47.75,8.8,2010-05-06 00:00:00,Thames at Windsor Leisure Centr
2010-06-04 08:00:00,29.73,12.4,2010-06-04 00:00:00,Thames at Windsor Leisure Centr
2010-07-30 07:50:00,15.8,3.18,2010-07-30 00:00:00,Thames at Windsor Leisure Centr
2010-08-26 10:15:00,52.49,8.82,2010-08-26 00:00:00,Thames at Windsor Leisure Centr
2010-10-01 08:00:00,29.16,7.48,2010-10-01 00:00:00,Thames at Windsor Leisure Centr
2010-10-21 09:40:00,21.1,3.35,2010-10-21 00:00:00,Thames at Windsor Leisure Centr
2010-11-23 11:47:00,33.07,4.82,2010-11-23 00:00:00,Thames at Windsor Leisure Centr
2011-01-11 11:09:00,88.65,44.8,2011-01-11 00:00:00,Thames at Windsor Leisure Centr
2011-02-03 14:10:00,55.06,4.33,2011-02-03 00:00:00,Thames at Windsor Leisure Centr
2011-03-03 11:47:00,90.95,27.9,2011-03-03 00:00:00,Thames at Windsor Leisure Centr
2011-03-29 12:40:00,34.48,4.23,2011-03-29 00:00:00,Thames at Windsor Leisure Centr
2011-05-03 12:25:00,22.89,23.4,2011-05-03 00:00:00,Thames at Windsor Leisure Centr
2011-06-10 11:55:00,18.0,3.62,2011-06-10 00:00:00,Thames at Windsor Leisure Centr
2011-07-11 11:25:00,16.62,4.48,2011-07-11 00:00:00,Thames at Windsor Leisure Centr
2011-08-26 10:45:00,21.07,5.05,2011-08-26 00:00:00,Thames at Windsor Leisure Centr
2011-09-29 16:55:00,13.56,3.3,2011-09-29 00:00:00,Thames at Windsor Leisure Centr
2011-10-28 11:25:00,18.41,3.73,2011-10-28 00:00:00,Thames at Windsor Leisure Centr
2012-01-06 09:40:00,49.43,24.3,2012-01-06 00:00:00,Thames at Windsor Leisure Centr
2012-03-08 14:15:00,34.79,8.6,2012-03-08 00:00:00,Thames at Windsor Leisure Centr
2012-03-28 13:15:00,21.89,8.08,2012-03-28 00:00:00,Thames at Windsor Leisure Centr
2012-05-17 11:12:00,69.46,8.83,2012-05-17 00:00:00,Thames at Windsor Leisure Centr
2012-05-28 14:51:00,37.89,6.72,2012-05-28 00:00:00,Thames at Windsor Leisure Centr
2012-07-06 10:22:00,75.05,6.43,2012-07-06 00:00:00,Thames at Windsor Leisure Centr
2012-07-23 11:32:00,56.98,12.3,2012-07-23 00:00:00,Thames at Windsor Leisure Centr
2012-08-22 12:55:00,33.53,5.68,2012-08-22 00:00:00,Thames at Windsor Leisure Centr
2012-10-05 10:14:00,59.16,5.97,2012-10-05 00:00:00,Thames at Windsor Leisure Centr
2012-10-29 14:34:00,59.23,6.22,2012-10-29 00:00:00,Thames at Windsor Leisure Centr
2012-11-20 08:39:00,64.94,6.63,2012-11-20 00:00:00,Thames at Windsor Leisure Centr
2009-02-25 09:30:00,1.4,9.0,2009-02-25 00:00:00,Wye King George V High Wycombe
2009-03-18 11:33:00,1.37,6.5,2009-03-18 00:00:00,Wye King George V High Wycombe
2009-05-21 11:40:00,1.06,7.5,2009-05-21 00:00:00,Wye King George V High Wycombe
2009-05-29 11:15:00,1.04,9.4,2009-05-29 00:00:00,Wye King George V High Wycombe
2009-06-09 09:30:00,1.02,7.7,2009-06-09 00:00:00,Wye King George V High Wycombe
2009-07-08 10:00:00,0.931,9.6,2009-07-08 00:00:00,Wye King George V High Wycombe
2009-08-13 15:00:00,0.818,6.6,2009-08-13 00:00:00,Wye King George V High Wycombe
2009-08-22 13:26:00,0.745,6.4,2009-08-22 00:00:00,Wye King George V High Wycombe
2009-10-20 13:05:00,0.657,4.6,2009-10-20 00:00:00,Wye King George V High Wycombe
2009-11-17 09:00:00,0.673,5.8,2009-11-17 00:00:00,Wye King George V High Wycombe
2009-12-04 11:39:00,0.679,13.3,2009-12-04 00:00:00,Wye King George V High Wycombe
2010-02-03 10:15:00,1.07,9.55,2010-02-03 00:00:00,Wye King George V High Wycombe
2010-02-12 14:00:00,1.04,11.6,2010-02-12 00:00:00,Wye King George V High Wycombe
2010-03-16 10:50:00,1.2,8.68,2010-03-16 00:00:00,Wye King George V High Wycombe
2010-04-20 09:45:00,1.24,6.25,2010-04-20 00:00:00,Wye King George V High Wycombe
2010-06-01 14:55:00,1.13,12.5,2010-06-01 00:00:00,Wye King George V High Wycombe
2010-06-25 10:45:00,0.939,6.65,2010-06-25 00:00:00,Wye King George V High Wycombe
2010-07-13 10:10:00,0.722,4.77,2010-07-13 00:00:00,Wye King George V High Wycombe
2010-08-13 09:15:00,0.867,11.3,2010-08-13 00:00:00,Wye King George V High Wycombe
2010-09-13 15:40:00,0.797,7.32,2010-09-13 00:00:00,Wye King George V High Wycombe
2010-10-13 14:10:00,0.774,6.95,2010-10-13 00:00:00,Wye King George V High Wycombe
2010-11-05 10:20:00,0.874,6.27,2010-11-05 00:00:00,Wye King George V High Wycombe
2010-11-27 15:00:00,0.74,5.65,2010-11-27 00:00:00,Wye King George V High Wycombe
2011-01-17 10:00:00,1.26,62.9,2011-01-17 00:00:00,Wye King George V High Wycombe
2011-02-17 14:00:00,0.784,14.4,2011-02-17 00:00:00,Wye King George V High Wycombe
2011-03-10 11:00:00,0.776,5.75,2011-03-10 00:00:00,Wye King George V High Wycombe
2011-04-14 11:50:00,0.85,3.0,2011-04-14 00:00:00,Wye King George V High Wycombe
2011-05-10 11:00:00,0.754,4.25,2011-05-10 00:00:00,Wye King George V High Wycombe
2011-06-10 10:20:00,0.728,4.77,2011-06-10 00:00:00,Wye King George V High Wycombe
2011-07-06 09:05:00,0.747,8.28,2011-07-06 00:00:00,Wye King George V High Wycombe
2011-08-16 08:45:00,0.627,9.83,2011-08-16 00:00:00,Wye King George V High Wycombe
2011-09-13 09:10:00,0.696,6.47,2011-09-13 00:00:00,Wye King George V High Wycombe
2011-10-19 09:30:00,0.62,7.5,2011-10-19 00:00:00,Wye King George V High Wycombe
2011-11-14 11:30:00,0.565,11.0,2011-11-14 00:00:00,Wye King George V High Wycombe
2011-12-02 15:10:00,0.516,11.5,2011-12-02 00:00:00,Wye King George V High Wycombe
2012-01-23 13:35:00,0.54,6.42,2012-01-23 00:00:00,Wye King George V High Wycombe
2012-02-10 16:00:00,0.565,8.45,2012-02-10 00:00:00,Wye King George V High Wycombe
2012-03-26 14:25:00,0.55,6.88,2012-03-26 00:00:00,Wye King George V High Wycombe
2012-04-13 15:55:00,0.565,6.12,2012-04-13 00:00:00,Wye King George V High Wycombe
2012-05-10 13:52:00,0.817,7.93,2012-05-10 00:00:00,Wye King George V High Wycombe
2012-06-07 14:51:00,0.817,33.3,2012-06-07 00:00:00,Wye King George V High Wycombe
2012-07-16 11:53:00,0.721,9.65,2012-07-16 00:00:00,Wye King George V High Wycombe
2012-08-06 13:06:00,0.861,8.05,2012-08-06 00:00:00,Wye King George V High Wycombe
2012-08-29 15:46:00,0.977,22.5,2012-08-29 00:00:00,Wye King George V High Wycombe
2012-11-13 10:59:00,0.736,5.95,2012-11-13 00:00:00,Wye King George V High Wycombe
2012-11-27 14:44:00,1.01,15.1,2012-11-27 00:00:00,Wye King George V High Wycombe
2012-11-28 12:06:00,0.891,78.6,2012-11-28 00:00:00,Wye King George V High Wycombe
2009-02-11 09:35:00,,37.8,2009-02-11 00:00:00,Loddon at A4 Twyford
2009-03-06 09:30:00,,16.6,2009-03-06 00:00:00,Loddon at A4 Twyford
2009-04-03 11:00:00,,7.4,2009-04-03 00:00:00,Loddon at A4 Twyford
2009-04-30 11:15:00,,5.4,2009-04-30 00:00:00,Loddon at A4 Twyford
2009-06-04 12:20:00,,5.2,2009-06-04 00:00:00,Loddon at A4 Twyford
2009-07-06 12:50:00,,3.2,2009-07-06 00:00:00,Loddon at A4 Twyford
2009-10-19 12:45:00,,4.7,2009-10-19 00:00:00,Loddon at A4 Twyford
2009-10-29 09:10:00,,10.9,2009-10-29 00:00:00,Loddon at A4 Twyford
2009-11-25 11:45:00,,13.5,2009-11-25 00:00:00,Loddon at A4 Twyford
2010-01-05 11:40:00,,10.4,2010-01-05 00:00:00,Loddon at A4 Twyford
2010-02-18 10:45:00,,23.2,2010-02-18 00:00:00,Loddon at A4 Twyford
2010-03-05 11:05:00,,8.37,2010-03-05 00:00:00,Loddon at A4 Twyford
2010-03-30 12:45:00,15.75,27.0,2010-03-30 00:00:00,Loddon at A4 Twyford
2010-05-07 13:00:00,4.513,5.28,2010-05-07 00:00:00,Loddon at A4 Twyford
2010-06-01 11:40:00,4.068,11.2,2010-06-01 00:00:00,Loddon at A4 Twyford
2010-07-08 11:25:00,3.233,4.32,2010-07-08 00:00:00,Loddon at A4 Twyford
2010-09-02 11:30:00,3.727,3.87,2010-09-02 00:00:00,Loddon at A4 Twyford
2010-09-29 12:20:00,3.924,6.08,2010-09-29 00:00:00,Loddon at A4 Twyford
2010-10-22 09:30:00,3.522,35.0,2010-10-22 00:00:00,Loddon at A4 Twyford
2010-11-24 10:09:00,3.508,7.22,2010-11-24 00:00:00,Loddon at A4 Twyford
2011-02-01 14:25:00,5.247,6.43,2011-02-01 00:00:00,Loddon at A4 Twyford
2011-02-18 11:35:00,5.98,10.3,2011-02-18 00:00:00,Loddon at A4 Twyford
2011-03-03 11:10:00,5.947,7.9,2011-03-03 00:00:00,Loddon at A4 Twyford
2011-03-28 10:27:00,3.929,5.28,2011-03-28 00:00:00,Loddon at A4 Twyford
2011-05-16 14:10:00,2.948,4.6,2011-05-16 00:00:00,Loddon at A4 Twyford
2011-06-16 11:49:00,3.909,7.28,2011-06-16 00:00:00,Loddon at A4 Twyford
2011-06-28 12:10:00,3.168,3.63,2011-06-28 00:00:00,Loddon at A4 Twyford
2011-07-22 11:56:00,3.736,6.13,2011-07-22 00:00:00,Loddon at A4 Twyford
2011-08-30 10:55:00,3.501,3.25,2011-08-30 00:00:00,Loddon at A4 Twyford
2011-11-08 10:05:00,3.911,6.15,2011-11-08 00:00:00,Loddon at A4 Twyford
2011-11-22 11:15:00,2.83,4.27,2011-11-22 00:00:00,Loddon at A4 Twyford
2012-01-11 11:35:00,4.571,5.23,2012-01-11 00:00:00,Loddon at A4 Twyford
2012-02-02 11:10:00,3.94,5.98,2012-02-02 00:00:00,Loddon at A4 Twyford
2012-03-01 10:00:00,3.629,6.45,2012-03-01 00:00:00,Loddon at A4 Twyford
2012-03-28 08:40:00,3.348,6.98,2012-03-28 00:00:00,Loddon at A4 Twyford
2012-05-10 14:49:00,8.858,10.4,2012-05-10 00:00:00,Loddon at A4 Twyford
2012-06-12 12:38:00,16.53,25.3,2012-06-12 00:00:00,Loddon at A4 Twyford
2012-07-19 12:03:00,5.753,6.7,2012-07-19 00:00:00,Loddon at A4 Twyford
2012-08-07 13:16:00,3.85,4.27,2012-08-07 00:00:00,Loddon at A4 Twyford
2012-10-26 10:50:00,5.529,6.98,2012-10-26 00:00:00,Loddon at A4 Twyford
2012-11-20 12:11:00,5.11,6.5,2012-11-20 00:00:00,Loddon at A4 Twyford
2009-02-26 15:45:00,,7.4,2009-02-26 00:00:00,Cut above Thames
2009-03-24 10:30:00,,6.9,2009-03-24 00:00:00,Cut above Thames
2009-04-24 10:50:00,,8.0,2009-04-24 00:00:00,Cut above Thames
2009-05-21 11:15:00,,7.7,2009-05-21 00:00:00,Cut above Thames
2009-07-23 12:50:00,,4.4,2009-07-23 00:00:00,Cut above Thames
2009-08-17 12:40:00,,8.3,2009-08-17 00:00:00,Cut above Thames
2009-09-22 13:55:00,,4.8,2009-09-22 00:00:00,Cut above Thames
2009-10-19 13:20:00,,4.7,2009-10-19 00:00:00,Cut above Thames
2009-11-20 08:45:00,,15.9,2009-11-20 00:00:00,Cut above Thames
2009-12-10 11:00:00,,22.2,2009-12-10 00:00:00,Cut above Thames
2010-02-16 14:20:00,,32.7,2010-02-16 00:00:00,Cut above Thames
2010-03-01 10:40:00,,45.1,2010-03-01 00:00:00,Cut above Thames
2010-03-26 09:15:00,,37.6,2010-03-26 00:00:00,Cut above Thames
2010-04-29 09:45:00,,5.22,2010-04-29 00:00:00,Cut above Thames
2010-05-25 12:06:00,,5.83,2010-05-25 00:00:00,Cut above Thames
2010-07-22 13:00:00,,4.48,2010-07-22 00:00:00,Cut above Thames
2010-08-20 12:30:00,,8.27,2010-08-20 00:00:00,Cut above Thames
2010-09-22 13:10:00,,7.93,2010-09-22 00:00:00,Cut above Thames
2010-10-29 10:40:00,,245.0,2010-10-29 00:00:00,Cut above Thames
2010-11-03 10:50:00,,46.9,2010-11-03 00:00:00,Cut above Thames
2010-12-14 11:35:00,,5.35,2010-12-14 00:00:00,Cut above Thames
2011-01-26 10:21:00,,9.23,2011-01-26 00:00:00,Cut above Thames
2011-02-22 09:55:00,,7.23,2011-02-22 00:00:00,Cut above Thames
2011-03-24 11:25:00,,7.45,2011-03-24 00:00:00,Cut above Thames
2011-04-27 12:35:00,,8.58,2011-04-27 00:00:00,Cut above Thames
2011-05-26 09:40:00,,5.02,2011-05-26 00:00:00,Cut above Thames
2011-08-11 12:50:00,,4.47,2011-08-11 00:00:00,Cut above Thames
2011-09-23 11:45:00,,3.25,2011-09-23 00:00:00,Cut above Thames
2011-10-12 12:10:00,,3.42,2011-10-12 00:00:00,Cut above Thames
2011-11-14 11:35:00,,9.35,2011-11-14 00:00:00,Cut above Thames
2011-12-06 11:00:00,,6.67,2011-12-06 00:00:00,Cut above Thames
2012-01-30 10:20:00,,7.82,2012-01-30 00:00:00,Cut above Thames
2012-02-22 10:45:00,,4.67,2012-02-22 00:00:00,Cut above Thames
2012-03-22 10:40:00,,4.43,2012-03-22 00:00:00,Cut above Thames
2012-04-25 11:00:00,,10.7,2012-04-25 00:00:00,Cut above Thames
2012-05-17 11:41:00,,3.7,2012-05-17 00:00:00,Cut above Thames
2012-06-13 12:40:00,,12.6,2012-06-13 00:00:00,Cut above Thames
2012-06-27 12:52:00,,3.0,2012-06-27 00:00:00,Cut above Thames
2012-08-07 10:44:00,,3.22,2012-08-07 00:00:00,Cut above Thames
2012-09-04 08:25:00,,3.0,2012-09-04 00:00:00,Cut above Thames
2012-10-15 11:38:00,,5.42,2012-10-15 00:00:00,Cut above Thames
2012-10-29 15:02:00,,5.6,2012-10-29 00:00:00,Cut above Thames
2012-11-22 12:17:00,,30.0,2012-11-22 00:00:00,Cut above Thames
2009-02-26 14:40:00,98.2,7.9,2009-02-26 00:00:00,Thames at Cookham Bridge
2009-03-24 11:45:00,55.5,5.4,2009-03-24 00:00:00,Thames at Cookham Bridge
2009-04-24 11:30:00,33.0,33.3,2009-04-24 00:00:00,Thames at Cookham Bridge
2009-05-21 12:15:00,31.2,14.7,2009-05-21 00:00:00,Thames at Cookham Bridge
2009-06-30 11:05:00,18.5,5.8,2009-06-30 00:00:00,Thames at Cookham Bridge
2009-07-23 12:45:00,23.7,19.6,2009-07-23 00:00:00,Thames at Cookham Bridge
2009-08-17 11:10:00,17.9,4.8,2009-08-17 00:00:00,Thames at Cookham Bridge
2009-09-22 12:15:00,13.4,4.4,2009-09-22 00:00:00,Thames at Cookham Bridge
2009-10-19 12:35:00,12.5,3.6,2009-10-19 00:00:00,Thames at Cookham Bridge
2009-11-20 09:35:00,38.5,11.1,2009-11-20 00:00:00,Thames at Cookham Bridge
2009-12-10 10:35:00,151.0,56.7,2009-12-10 00:00:00,Thames at Cookham Bridge
2010-02-16 15:15:00,72.8,4.97,2010-02-16 00:00:00,Thames at Cookham Bridge
2010-03-01 11:00:00,168.0,73.1,2010-03-01 00:00:00,Thames at Cookham Bridge
2010-03-26 10:15:00,158.0,14.7,2010-03-26 00:00:00,Thames at Cookham Bridge
2010-04-29 10:15:00,40.0,6.28,2010-04-29 00:00:00,Thames at Cookham Bridge
2010-05-25 13:44:00,24.8,43.7,2010-05-25 00:00:00,Thames at Cookham Bridge
2010-07-02 13:55:00,17.4,7.12,2010-07-02 00:00:00,Thames at Cookham Bridge
2010-08-20 13:15:00,13.9,3.65,2010-08-20 00:00:00,Thames at Cookham Bridge
2010-09-22 10:40:00,10.0,8.87,2010-09-22 00:00:00,Thames at Cookham Bridge
2011-01-26 12:26:00,74.8,9.65,2011-01-26 00:00:00,Thames at Cookham Bridge
2011-02-22 09:18:00,83.0,14.7,2011-02-22 00:00:00,Thames at Cookham Bridge
2011-03-24 10:55:00,37.2,5.65,2011-03-24 00:00:00,Thames at Cookham Bridge
2011-04-27 13:15:00,15.7,33.0,2011-04-27 00:00:00,Thames at Cookham Bridge
2011-05-26 11:20:00,12.5,3.88,2011-05-26 00:00:00,Thames at Cookham Bridge
2011-09-23 10:15:00,20.9,3.28,2011-09-23 00:00:00,Thames at Cookham Bridge
2012-01-30 11:05:00,30.1,5.85,2012-01-30 00:00:00,Thames at Cookham Bridge
2012-02-22 12:00:00,21.1,4.5,2012-02-22 00:00:00,Thames at Cookham Bridge
2012-04-25 10:15:00,41.6,5.65,2012-04-25 00:00:00,Thames at Cookham Bridge
2012-05-11 11:33:00,127.0,33.2,2012-05-11 00:00:00,Thames at Cookham Bridge
2012-06-13 11:45:00,130.0,33.7,2012-06-13 00:00:00,Thames at Cookham Bridge
2012-07-02 10:18:00,41.8,6.4,2012-07-02 00:00:00,Thames at Cookham Bridge
2012-08-13 09:27:00,29.7,3.05,2012-08-13 00:00:00,Thames at Cookham Bridge
2012-08-22 14:23:00,26.3,5.23,2012-08-22 00:00:00,Thames at Cookham Bridge
2012-11-05 12:06:00,138.0,33.4,2012-11-05 00:00:00,Thames at Cookham Bridge
2012-11-13 11:28:00,70.9,9.9,2012-11-13 00:00:00,Thames at Cookham Bridge
2012-11-22 13:36:00,149.0,32.3,2012-11-22 00:00:00,Thames at Cookham Bridge
2009-03-06 12:24:00,1.41,7.8,2009-03-06 00:00:00,Ray at Purton
2009-03-16 14:15:00,1.02,5.2,2009-03-16 00:00:00,Ray at Purton
2009-04-28 09:22:00,1.17,25.7,2009-04-28 00:00:00,Ray at Purton
2009-05-12 11:50:00,0.692,5.6,2009-05-12 00:00:00,Ray at Purton
2009-06-02 10:10:00,0.675,6.5,2009-06-02 00:00:00,Ray at Purton
2009-07-08 14:55:00,0.774,6.9,2009-07-08 00:00:00,Ray at Purton
2009-08-14 13:06:00,0.761,4.5,2009-08-14 00:00:00,Ray at Purton
2009-08-22 11:30:00,0.704,7.4,2009-08-22 00:00:00,Ray at Purton
2009-10-06 10:39:00,1.21,10.3,2009-10-06 00:00:00,Ray at Purton
2009-11-14 11:05:00,4.1,53.0,2009-11-14 00:00:00,Ray at Purton
2009-12-07 10:22:00,6.14,32.5,2009-12-07 00:00:00,Ray at Purton
2010-01-21 10:45:00,3.84,34.1,2010-01-21 00:00:00,Ray at Purton
2010-02-18 10:15:00,4.01,14.1,2010-02-18 00:00:00,Ray at Purton
2010-03-17 15:20:00,0.945,7.18,2010-03-17 00:00:00,Ray at Purton
2010-05-05 14:50:00,0.945,35.6,2010-05-05 00:00:00,Ray at Purton
2010-06-02 10:40:00,0.736,5.38,2010-06-02 00:00:00,Ray at Purton
2010-06-15 13:10:00,0.698,7.85,2010-06-15 00:00:00,Ray at Purton
2010-07-15 13:45:00,0.804,5.12,2010-07-15 00:00:00,Ray at Purton
2010-08-12 11:46:00,0.702,9.92,2010-08-12 00:00:00,Ray at Purton
2010-09-15 09:35:00,0.635,10.0,2010-09-15 00:00:00,Ray at Purton
2010-10-14 13:30:00,0.604,7.22,2010-10-14 00:00:00,Ray at Purton
2010-11-03 15:20:00,0.647,10.1,2010-11-03 00:00:00,Ray at Purton
2010-12-04 12:38:00,1.39,16.5,2010-12-04 00:00:00,Ray at Purton
2011-01-08 10:20:00,3.19,155.0,2011-01-08 00:00:00,Ray at Purton
2011-02-11 13:35:00,1.42,14.7,2011-02-11 00:00:00,Ray at Purton
2011-03-05 11:40:00,1.18,7.03,2011-03-05 00:00:00,Ray at Purton
2011-04-13 13:50:00,0.672,5.37,2011-04-13 00:00:00,Ray at Purton
2011-05-10 11:00:00,0.683,8.78,2011-05-10 00:00:00,Ray at Purton
2011-06-08 15:00:00,0.603,11.5,2011-06-08 00:00:00,Ray at Purton
2011-07-07 14:00:00,1.05,6.3,2011-07-07 00:00:00,Ray at Purton
2011-08-11 13:55:00,0.582,3.77,2011-08-11 00:00:00,Ray at Purton
2011-09-02 12:05:00,0.552,4.22,2011-09-02 00:00:00,Ray at Purton
2011-10-12 13:40:00,0.519,9.27,2011-10-12 00:00:00,Ray at Purton
2011-10-29 14:40:00,0.656,9.17,2011-10-29 00:00:00,Ray at Purton
2011-11-26 13:00:00,0.531,10.0,2011-11-26 00:00:00,Ray at Purton
2011-12-11 13:40:00,1.21,13.5,2011-12-11 00:00:00,Ray at Purton
2012-01-19 10:00:00,1.25,24.6,2012-01-19 00:00:00,Ray at Purton
2012-02-17 13:05:00,0.871,5.08,2012-02-17 00:00:00,Ray at Purton
2012-03-14 13:45:00,0.752,9.67,2012-03-14 00:00:00,Ray at Purton
2012-04-24 12:45:00,1.48,37.3,2012-04-24 00:00:00,Ray at Purton
2012-05-15 11:13:00,1.66,14.1,2012-05-15 00:00:00,Ray at Purton
2012-06-08 13:41:00,3.4,29.3,2012-06-08 00:00:00,Ray at Purton
2012-07-25 08:54:00,0.777,4.28,2012-07-25 00:00:00,Ray at Purton
2012-08-08 10:12:00,1.12,8.3,2012-08-08 00:00:00,Ray at Purton
2012-08-29 10:32:00,4.39,7.6,2012-08-29 00:00:00,Ray at Purton
2012-10-04 12:29:00,1.87,14.8,2012-10-04 00:00:00,Ray at Purton
2012-11-14 11:04:00,1.2,14.9,2012-11-14 00:00:00,Ray at Purton
2012-11-26 12:24:00,6.51,42.6,2012-11-26 00:00:00,Ray at Purton
2009-02-16 11:00:00,2.37,4.7,2009-02-16 00:00:00,Enborne at Brimpton
2009-04-28 10:55:00,1.1,7.1,2009-04-28 00:00:00,Enborne at Brimpton
2009-05-25 13:30:00,0.475,6.1,2009-05-25 00:00:00,Enborne at Brimpton
2009-06-23 11:20:00,0.26,7.7,2009-06-23 00:00:00,Enborne at Brimpton
2009-07-28 12:35:00,0.238,9.6,2009-07-28 00:00:00,Enborne at Brimpton
2009-09-18 09:10:00,0.15,6.8,2009-09-18 00:00:00,Enborne at Brimpton
2009-09-28 08:45:00,0.158,8.7,2009-09-28 00:00:00,Enborne at Brimpton
2009-11-04 12:12:00,0.471,4.9,2009-11-04 00:00:00,Enborne at Brimpton
2009-12-01 11:00:00,2.61,12.8,2009-12-01 00:00:00,Enborne at Brimpton
2010-01-20 09:15:00,3.11,7.75,2010-01-20 00:00:00,Enborne at Brimpton
2010-03-04 09:20:00,2.23,6.6,2010-03-04 00:00:00,Enborne at Brimpton
2010-03-29 09:25:00,3.55,6.88,2010-03-29 00:00:00,Enborne at Brimpton
2010-05-06 08:55:00,0.791,6.8,2010-05-06 00:00:00,Enborne at Brimpton
2010-07-09 11:10:00,0.286,9.78,2010-07-09 00:00:00,Enborne at Brimpton
2010-07-12 12:10:00,0.252,11.0,2010-07-12 00:00:00,Enborne at Brimpton
2010-07-23 12:30:00,0.355,11.8,2010-07-23 00:00:00,Enborne at Brimpton
2010-09-10 14:40:00,0.196,9.13,2010-09-10 00:00:00,Enborne at Brimpton
2010-10-19 10:20:00,0.239,5.98,2010-10-19 00:00:00,Enborne at Brimpton
2010-11-15 11:50:00,0.957,5.02,2010-11-15 00:00:00,Enborne at Brimpton
2011-01-06 11:35:00,1.65,5.17,2011-01-06 00:00:00,Enborne at Brimpton
2011-02-09 13:10:00,0.725,3.32,2011-02-09 00:00:00,Enborne at Brimpton
2011-03-04 12:40:00,1.3,8.18,2011-03-04 00:00:00,Enborne at Brimpton
2011-04-06 11:00:00,0.579,4.45,2011-04-06 00:00:00,Enborne at Brimpton
2011-05-04 11:45:00,0.299,3.23,2011-05-04 00:00:00,Enborne at Brimpton
2011-06-02 13:05:00,0.196,6.15,2011-06-02 00:00:00,Enborne at Brimpton
2011-06-15 13:10:00,0.216,10.1,2011-06-15 00:00:00,Enborne at Brimpton
2011-07-18 11:35:00,0.191,9.12,2011-07-18 00:00:00,Enborne at Brimpton
2011-08-22 10:45:00,0.208,7.08,2011-08-22 00:00:00,Enborne at Brimpton
2011-09-20 10:15:00,0.177,5.83,2011-09-20 00:00:00,Enborne at Brimpton
2011-11-25 14:30:00,0.213,3.72,2011-11-25 00:00:00,Enborne at Brimpton
2012-01-06 14:06:00,1.36,6.63,2012-01-06 00:00:00,Enborne at Brimpton
2012-02-02 14:20:00,0.599,3.75,2012-02-02 00:00:00,Enborne at Brimpton
2012-02-17 13:55:00,0.664,3.33,2012-02-17 00:00:00,Enborne at Brimpton
2012-05-08 11:40:00,1.7,8.93,2012-05-08 00:00:00,Enborne at Brimpton
2012-06-22 13:48:00,1.51,6.22,2012-06-22 00:00:00,Enborne at Brimpton
2012-07-17 16:00:00,1.59,7.15,2012-07-17 00:00:00,Enborne at Brimpton
2012-08-10 14:39:00,0.479,6.62,2012-08-10 00:00:00,Enborne at Brimpton
2012-09-05 17:20:00,0.342,6.67,2012-09-05 00:00:00,Enborne at Brimpton
2012-10-16 11:53:00,0.914,5.3,2012-10-16 00:00:00,Enborne at Brimpton
2012-11-21 14:00:00,8.15,118.0,2012-11-21 00:00:00,Enborne at Brimpton
2009-02-19 11:40:00,3.13,13.5,2009-02-19 00:00:00,Lambourn at Newbury
2009-03-19 14:10:00,2.96,5.0,2009-03-19 00:00:00,Lambourn at Newbury
2009-04-21 11:45:00,2.51,3.9,2009-04-21 00:00:00,Lambourn at Newbury
2009-05-10 10:45:00,2.05,6.1,2009-05-10 00:00:00,Lambourn at Newbury
2009-06-04 10:45:00,1.57,6.4,2009-06-04 00:00:00,Lambourn at Newbury
2009-07-11 15:35:00,1.22,4.1,2009-07-11 00:00:00,Lambourn at Newbury
2009-08-14 11:55:00,1.12,4.2,2009-08-14 00:00:00,Lambourn at Newbury
2009-09-07 10:35:00,1.01,5.3,2009-09-07 00:00:00,Lambourn at Newbury
2009-09-28 10:15:00,0.874,4.8,2009-09-28 00:00:00,Lambourn at Newbury
2009-11-05 11:25:00,0.899,6.4,2009-11-05 00:00:00,Lambourn at Newbury
2009-11-24 11:30:00,1.13,9.02,2009-11-24 00:00:00,Lambourn at Newbury
2010-01-21 10:15:00,1.93,4.48,2010-01-21 00:00:00,Lambourn at Newbury
2010-02-08 14:38:00,2.58,9.87,2010-02-08 00:00:00,Lambourn at Newbury
2010-03-10 14:25:00,2.99,6.18,2010-03-10 00:00:00,Lambourn at Newbury
2010-04-08 13:00:00,3.02,3.58,2010-04-08 00:00:00,Lambourn at Newbury
2010-05-06 09:35:00,2.79,4.45,2010-05-06 00:00:00,Lambourn at Newbury
2010-06-09 13:30:00,2.06,4.67,2010-06-09 00:00:00,Lambourn at Newbury
2010-07-09 12:05:00,1.48,3.33,2010-07-09 00:00:00,Lambourn at Newbury
2010-07-27 09:51:00,1.37,4.2,2010-07-27 00:00:00,Lambourn at Newbury
2010-10-11 13:10:00,1.02,3.05,2010-10-11 00:00:00,Lambourn at Newbury
2010-11-02 12:56:00,0.841,5.9,2010-11-02 00:00:00,Lambourn at Newbury
2010-12-13 15:06:00,0.953,4.42,2010-12-13 00:00:00,Lambourn at Newbury
2011-01-22 15:30:00,1.41,7.72,2011-01-22 00:00:00,Lambourn at Newbury
2011-02-12 13:00:00,1.44,5.72,2011-02-12 00:00:00,Lambourn at Newbury
2011-03-15 13:15:00,1.68,3.5,2011-03-15 00:00:00,Lambourn at Newbury
2011-04-13 10:30:00,1.5,3.32,2011-04-13 00:00:00,Lambourn at Newbury
2011-05-12 12:10:00,1.42,5.62,2011-05-12 00:00:00,Lambourn at Newbury
2011-06-02 13:10:00,1.14,3.05,2011-06-02 00:00:00,Lambourn at Newbury
2011-08-04 13:10:00,0.824,6.28,2011-08-04 00:00:00,Lambourn at Newbury
2011-10-19 12:55:00,0.703,3.1,2011-10-19 00:00:00,Lambourn at Newbury
2011-12-02 12:50:00,0.711,3.3,2011-12-02 00:00:00,Lambourn at Newbury
2012-01-24 10:33:00,0.943,6.05,2012-01-24 00:00:00,Lambourn at Newbury
2012-03-28 17:20:00,0.769,4.72,2012-03-28 00:00:00,Lambourn at Newbury
2012-04-18 15:05:00,0.875,6.43,2012-04-18 00:00:00,Lambourn at Newbury
2012-05-03 13:40:00,1.13,4.6,2012-05-03 00:00:00,Lambourn at Newbury
2012-06-07 13:12:00,1.37,5.15,2012-06-07 00:00:00,Lambourn at Newbury
2012-09-06 11:56:00,1.3,3.7,2012-09-06 00:00:00,Lambourn at Newbury
2012-11-21 14:56:00,2.48,10.3,2012-11-21 00:00:00,Lambourn at Newbury
2009-02-14 10:52:00,163.6,25.2,2009-02-14 00:00:00,Thames at Wallingford Bridge
2009-03-15 11:09:00,32.35,6.7,2009-03-15 00:00:00,Thames at Wallingford Bridge
2009-04-22 09:55:00,14.93,6.9,2009-04-22 00:00:00,Thames at Wallingford Bridge
2009-05-11 10:15:00,10.697,19.0,2009-05-11 00:00:00,Thames at Wallingford Bridge
2009-06-07 14:35:00,21.22,22.9,2009-06-07 00:00:00,Thames at Wallingford Bridge
2009-07-05 12:55:00,4.689,13.1,2009-07-05 00:00:00,Thames at Wallingford Bridge
2009-08-01 10:00:00,10.309000000000001,12.9,2009-08-01 00:00:00,Thames at Wallingford Bridge
2009-08-22 09:40:00,6.301,11.0,2009-08-22 00:00:00,Thames at Wallingford Bridge
2009-10-02 13:45:00,4.531,39.1,2009-10-02 00:00:00,Thames at Wallingford Bridge
2009-11-03 12:40:00,13.63,6.0,2009-11-03 00:00:00,Thames at Wallingford Bridge
2009-11-25 12:42:00,70.33,96.5,2009-11-25 00:00:00,Thames at Wallingford Bridge
2010-01-19 11:07:00,140.0,25.2,2010-01-19 00:00:00,Thames at Wallingford Bridge
2010-02-15 10:28:00,39.02,10.7,2010-02-15 00:00:00,Thames at Wallingford Bridge
2010-03-10 14:00:00,42.45,8.12,2010-03-10 00:00:00,Thames at Wallingford Bridge
2010-04-09 14:25:00,40.57,8.93,2010-04-09 00:00:00,Thames at Wallingford Bridge
2010-05-24 09:45:00,12.38,12.2,2010-05-24 00:00:00,Thames at Wallingford Bridge
2010-06-11 15:05:00,12.860000000000001,7.97,2010-06-11 00:00:00,Thames at Wallingford Bridge
2010-07-06 11:50:00,5.245,14.0,2010-07-06 00:00:00,Thames at Wallingford Bridge
2010-07-28 14:22:00,4.147,7.77,2010-07-28 00:00:00,Thames at Wallingford Bridge
2010-09-10 16:13:00,8.233,6.93,2010-09-10 00:00:00,Thames at Wallingford Bridge
2010-10-07 09:35:00,11.370000000000001,15.2,2010-10-07 00:00:00,Thames at Wallingford Bridge
2010-10-25 11:55:00,8.99,12.1,2010-10-25 00:00:00,Thames at Wallingford Bridge
2010-12-04 13:20:00,11.56,6.25,2010-12-04 00:00:00,Thames at Wallingford Bridge
2011-01-06 12:30:00,30.020000000000003,15.8,2011-01-06 00:00:00,Thames at Wallingford Bridge
2011-02-12 08:30:00,27.24,11.0,2011-02-12 00:00:00,Thames at Wallingford Bridge
2011-03-02 13:40:00,66.57000000000001,23.9,2011-03-02 00:00:00,Thames at Wallingford Bridge
2011-04-07 13:05:00,15.22,7.52,2011-04-07 00:00:00,Thames at Wallingford Bridge
2011-05-05 13:55:00,9.491,21.4,2011-05-05 00:00:00,Thames at Wallingford Bridge
2011-06-16 11:30:00,6.93,5.43,2011-06-16 00:00:00,Thames at Wallingford Bridge
2011-07-14 14:35:00,4.3580000000000005,19.2,2011-07-14 00:00:00,Thames at Wallingford Bridge
2011-08-11 10:15:00,3.7289999999999996,7.07,2011-08-11 00:00:00,Thames at Wallingford Bridge
2011-08-30 08:55:00,4.952,8.13,2011-08-30 00:00:00,Thames at Wallingford Bridge
2011-10-07 11:15:00,3.6300000000000003,5.63,2011-10-07 00:00:00,Thames at Wallingford Bridge
2011-10-25 12:35:00,3.537,5.48,2011-10-25 00:00:00,Thames at Wallingford Bridge
2011-11-07 12:15:00,5.82,7.3,2011-11-07 00:00:00,Thames at Wallingford Bridge
2012-01-10 11:55:00,17.58,9.38,2012-01-10 00:00:00,Thames at Wallingford Bridge
2012-01-31 13:20:00,18.3,7.07,2012-01-31 00:00:00,Thames at Wallingford Bridge
2012-03-02 10:55:00,13.46,7.95,2012-03-02 00:00:00,Thames at Wallingford Bridge
2012-04-04 11:40:00,8.889,14.6,2012-04-04 00:00:00,Thames at Wallingford Bridge
2012-05-01 15:07:00,135.9,103.0,2012-05-01 00:00:00,Thames at Wallingford Bridge
2012-06-06 11:11:00,30.21,4.55,2012-06-06 00:00:00,Thames at Wallingford Bridge
2012-08-02 15:09:00,28.67,7.38,2012-08-02 00:00:00,Thames at Wallingford Bridge
2012-08-08 11:32:00,34.23,16.6,2012-08-08 00:00:00,Thames at Wallingford Bridge
2012-09-10 12:56:00,15.155,6.58,2012-09-10 00:00:00,Thames at Wallingford Bridge
2012-10-16 13:31:00,40.309999999999995,12.4,2012-10-16 00:00:00,Thames at Wallingford Bridge
2012-11-08 11:28:00,98.4,36.1,2012-11-08 00:00:00,Thames at Wallingford Bridge
2012-11-16 13:46:00,45.39,8.08,2012-11-16 00:00:00,Thames at Wallingford Bridge
2009-02-24 12:55:00,7.92,10.3,2009-02-24 00:00:00,Evenlode at Cassington
2009-03-21 15:00:00,3.61,9.8,2009-03-21 00:00:00,Evenlode at Cassington
2009-04-20 11:20:00,2.6,11.9,2009-04-20 00:00:00,Evenlode at Cassington
2009-05-16 12:50:00,2.35,8.4,2009-05-16 00:00:00,Evenlode at Cassington
2009-06-06 12:10:00,1.7,13.3,2009-06-06 00:00:00,Evenlode at Cassington
2009-07-11 11:27:00,1.17,10.0,2009-07-11 00:00:00,Evenlode at Cassington
2009-08-08 09:15:00,3.27,72.3,2009-08-08 00:00:00,Evenlode at Cassington
2009-09-14 14:57:00,1.1,11.6,2009-09-14 00:00:00,Evenlode at Cassington
2009-10-20 16:00:00,0.746,6.3,2009-10-20 00:00:00,Evenlode at Cassington
2009-11-24 12:15:00,9.51,167.0,2009-11-24 00:00:00,Evenlode at Cassington
2009-12-01 15:30:00,11.9,72.6,2009-12-01 00:00:00,Evenlode at Cassington
2010-02-02 13:50:00,7.87,9.4,2010-02-02 00:00:00,Evenlode at Cassington
2010-02-24 12:50:00,6.21,13.0,2010-02-24 00:00:00,Evenlode at Cassington
2010-03-25 13:25:00,10.8,21.5,2010-03-25 00:00:00,Evenlode at Cassington
2010-04-16 13:10:00,4.65,15.1,2010-04-16 00:00:00,Evenlode at Cassington
2010-06-01 15:20:00,1.86,8.73,2010-06-01 00:00:00,Evenlode at Cassington
2010-06-25 14:31:00,1.12,6.53,2010-06-25 00:00:00,Evenlode at Cassington
2010-07-16 12:55:00,0.996,10.7,2010-07-16 00:00:00,Evenlode at Cassington
2010-08-19 14:47:00,0.968,15.5,2010-08-19 00:00:00,Evenlode at Cassington
2010-09-20 11:35:00,0.977,15.3,2010-09-20 00:00:00,Evenlode at Cassington
2010-10-18 13:35:00,1.22,10.7,2010-10-18 00:00:00,Evenlode at Cassington
2010-10-30 14:30:00,1.31,8.33,2010-10-30 00:00:00,Evenlode at Cassington
2010-11-27 10:01:00,2.26,4.7,2010-11-27 00:00:00,Evenlode at Cassington
2011-01-15 13:25:00,10.8,65.1,2011-01-15 00:00:00,Evenlode at Cassington
2011-02-12 11:25:00,3.01,7.12,2011-02-12 00:00:00,Evenlode at Cassington
2011-03-22 13:30:00,2.87,7.8,2011-03-22 00:00:00,Evenlode at Cassington
2011-04-13 10:10:00,1.84,4.62,2011-04-13 00:00:00,Evenlode at Cassington
2011-05-13 10:35:00,1.24,11.3,2011-05-13 00:00:00,Evenlode at Cassington
2011-06-08 09:44:00,0.938,14.9,2011-06-08 00:00:00,Evenlode at Cassington
2011-07-13 15:00:00,0.733,11.3,2011-07-13 00:00:00,Evenlode at Cassington
2011-08-18 15:10:00,0.603,10.2,2011-08-18 00:00:00,Evenlode at Cassington
2011-09-12 13:25:00,0.577,14.9,2011-09-12 00:00:00,Evenlode at Cassington
2011-10-23 15:05:00,0.443,10.8,2011-10-23 00:00:00,Evenlode at Cassington
2011-11-11 11:10:00,0.555,7.45,2011-11-11 00:00:00,Evenlode at Cassington
2011-12-07 11:45:00,0.563,3.6,2011-12-07 00:00:00,Evenlode at Cassington
2012-01-13 11:30:00,1.9,6.8,2012-01-13 00:00:00,Evenlode at Cassington
2012-02-15 15:10:00,3.24,12.0,2012-02-15 00:00:00,Evenlode at Cassington
2012-03-26 13:00:00,1.42,11.8,2012-03-26 00:00:00,Evenlode at Cassington
2012-04-24 11:30:00,1.74,8.38,2012-04-24 00:00:00,Evenlode at Cassington
2012-05-03 09:26:00,12.9,31.4,2012-05-03 00:00:00,Evenlode at Cassington
2012-05-28 13:46:00,3.15,8.67,2012-05-28 00:00:00,Evenlode at Cassington
2012-07-05 09:35:00,4.91,14.4,2012-07-05 00:00:00,Evenlode at Cassington
2012-07-30 15:55:00,3.44,5.8,2012-07-30 00:00:00,Evenlode at Cassington
2012-09-04 08:38:00,2.44,16.6,2012-09-04 00:00:00,Evenlode at Cassington
2012-09-25 11:20:00,7.51,181.0,2012-09-25 00:00:00,Evenlode at Cassington
2012-10-23 14:06:00,5.29,13.0,2012-10-23 00:00:00,Evenlode at Cassington
2012-11-28 08:24:00,17.9,18.3,2012-11-28 00:00:00,Evenlode at Cassington
2009-02-17 10:40:00,8.386,25.3,2009-02-17 00:00:00,Windrush at Beard Mill
2009-03-13 12:17:00,5.207,15.2,2009-03-13 00:00:00,Windrush at Beard Mill
2009-04-15 15:22:00,3.119,12.9,2009-04-15 00:00:00,Windrush at Beard Mill
2009-05-14 12:25:00,2.05,9.8,2009-05-14 00:00:00,Windrush at Beard Mill
2009-06-04 16:05:00,1.493,10.1,2009-06-04 00:00:00,Windrush at Beard Mill
2009-07-12 13:55:00,1.401,8.9,2009-07-12 00:00:00,Windrush at Beard Mill
2009-08-01 10:04:00,1.465,16.6,2009-08-01 00:00:00,Windrush at Beard Mill
2009-08-22 08:40:00,1.409,17.8,2009-08-22 00:00:00,Windrush at Beard Mill
2009-10-16 09:40:00,1.036,11.0,2009-10-16 00:00:00,Windrush at Beard Mill
2009-11-27 13:00:00,5.95,49.4,2009-11-27 00:00:00,Windrush at Beard Mill
2009-12-07 11:20:00,7.769,68.3,2009-12-07 00:00:00,Windrush at Beard Mill
2010-02-05 12:30:00,7.223,10.1,2010-02-05 00:00:00,Windrush at Beard Mill
2010-02-19 10:10:00,6.07,23.1,2010-02-19 00:00:00,Windrush at Beard Mill
2010-03-18 09:45:00,4.621,10.3,2010-03-18 00:00:00,Windrush at Beard Mill
2010-04-12 08:14:00,4.729,28.7,2010-04-12 00:00:00,Windrush at Beard Mill
2010-05-21 10:46:00,2.05,7.03,2010-05-21 00:00:00,Windrush at Beard Mill
2010-06-23 13:32:00,1.365,7.07,2010-06-23 00:00:00,Windrush at Beard Mill
2010-07-14 09:45:00,1.058,12.4,2010-07-14 00:00:00,Windrush at Beard Mill
2010-08-13 13:05:00,0.954,15.3,2010-08-13 00:00:00,Windrush at Beard Mill
2010-09-17 12:00:00,1.404,14.4,2010-09-17 00:00:00,Windrush at Beard Mill
2010-10-15 10:57:00,1.776,16.0,2010-10-15 00:00:00,Windrush at Beard Mill
2010-11-01 15:15:00,1.49,8.73,2010-11-01 00:00:00,Windrush at Beard Mill
2010-11-27 12:00:00,2.439,7.05,2010-11-27 00:00:00,Windrush at Beard Mill
2011-01-12 11:40:00,5.201,38.4,2011-01-12 00:00:00,Windrush at Beard Mill
2011-02-15 12:30:00,4.172,41.5,2011-02-15 00:00:00,Windrush at Beard Mill
2011-03-09 12:00:00,4.685,19.2,2011-03-09 00:00:00,Windrush at Beard Mill
2011-04-07 10:32:00,2.766,9.43,2011-04-07 00:00:00,Windrush at Beard Mill
2011-05-09 15:20:00,1.798,17.6,2011-05-09 00:00:00,Windrush at Beard Mill
2011-06-07 08:05:00,0.989,22.7,2011-06-07 00:00:00,Windrush at Beard Mill
2011-07-04 12:40:00,0.863,22.5,2011-07-04 00:00:00,Windrush at Beard Mill
2011-08-02 08:00:00,0.835,33.6,2011-08-02 00:00:00,Windrush at Beard Mill
2011-09-07 08:00:00,0.714,29.3,2011-09-07 00:00:00,Windrush at Beard Mill
2011-10-15 15:10:00,0.606,17.1,2011-10-15 00:00:00,Windrush at Beard Mill
2011-10-28 13:12:00,0.785,11.0,2011-10-28 00:00:00,Windrush at Beard Mill
2011-11-28 08:05:00,0.746,14.5,2011-11-28 00:00:00,Windrush at Beard Mill
2012-01-20 08:10:00,2.054,16.1,2012-01-20 00:00:00,Windrush at Beard Mill
2012-02-06 08:05:00,2.283,9.63,2012-02-06 00:00:00,Windrush at Beard Mill
2012-03-20 12:50:00,1.678,7.35,2012-03-20 00:00:00,Windrush at Beard Mill
2012-04-19 08:44:00,1.357,13.4,2012-04-19 00:00:00,Windrush at Beard Mill
2012-05-03 09:02:00,6.717,46.1,2012-05-03 00:00:00,Windrush at Beard Mill
2012-05-28 14:51:00,3.977,15.8,2012-05-28 00:00:00,Windrush at Beard Mill
2012-07-05 08:19:00,4.656,12.7,2012-07-05 00:00:00,Windrush at Beard Mill
2012-07-30 14:18:00,4.45,12.9,2012-07-30 00:00:00,Windrush at Beard Mill
2012-08-28 08:21:00,2.793,10.1,2012-08-28 00:00:00,Windrush at Beard Mill
2012-10-02 10:20:00,3.389,29.5,2012-10-02 00:00:00,Windrush at Beard Mill
2012-10-23 13:49:00,4.707,17.1,2012-10-23 00:00:00,Windrush at Beard Mill
2012-11-23 08:32:00,8.756,78.4,2012-11-23 00:00:00,Windrush at Beard Mill
2009-02-23 15:05:00,2.679,8.6,2009-02-23 00:00:00,Churn at Gauging Station CW
2009-03-14 11:35:00,1.592,7.6,2009-03-14 00:00:00,Churn at Gauging Station CW
2009-04-20 12:55:00,0.549,6.7,2009-04-20 00:00:00,Churn at Gauging Station CW
2009-05-15 11:55:00,0.469,18.5,2009-05-15 00:00:00,Churn at Gauging Station CW
2009-06-05 11:55:00,0.267,28.4,2009-06-05 00:00:00,Churn at Gauging Station CW
2009-07-03 12:20:00,0.147,10.1,2009-07-03 00:00:00,Churn at Gauging Station CW
2009-08-07 08:55:00,0.456,22.9,2009-08-07 00:00:00,Churn at Gauging Station CW
2009-08-21 12:15:00,0.355,5.9,2009-08-21 00:00:00,Churn at Gauging Station CW
2009-10-13 12:00:00,0.126,4.7,2009-10-13 00:00:00,Churn at Gauging Station CW
2009-11-20 12:10:00,0.844,19.2,2009-11-20 00:00:00,Churn at Gauging Station CW
2009-11-26 12:15:00,2.844,49.4,2009-11-26 00:00:00,Churn at Gauging Station CW
2010-01-19 11:50:00,2.291,6.77,2010-01-19 00:00:00,Churn at Gauging Station CW
2010-02-24 14:30:00,1.547,8.37,2010-02-24 00:00:00,Churn at Gauging Station CW
2010-03-15 12:05:00,1.254,3.22,2010-03-15 00:00:00,Churn at Gauging Station CW
2010-04-21 12:30:00,1.533,6.73,2010-04-21 00:00:00,Churn at Gauging Station CW
2010-06-09 12:55:00,0.388,7.5,2010-06-09 00:00:00,Churn at Gauging Station CW
2010-06-23 11:40:00,0.233,7.42,2010-06-23 00:00:00,Churn at Gauging Station CW
2010-07-15 12:05:00,0.14,8.32,2010-07-15 00:00:00,Churn at Gauging Station CW
2010-08-09 12:30:00,0.047,5.8,2010-08-09 00:00:00,Churn at Gauging Station CW
2010-09-15 13:25:00,0.05,3.07,2010-09-15 00:00:00,Churn at Gauging Station CW
2010-11-03 14:45:00,0.102,4.0,2010-11-03 00:00:00,Churn at Gauging Station CW
2011-01-08 11:00:00,0.62,10.9,2011-01-08 00:00:00,Churn at Gauging Station CW
2011-02-11 12:52:00,0.954,8.35,2011-02-11 00:00:00,Churn at Gauging Station CW
2011-03-05 09:15:00,1.733,7.83,2011-03-05 00:00:00,Churn at Gauging Station CW
2011-04-13 13:05:00,0.551,5.12,2011-04-13 00:00:00,Churn at Gauging Station CW
2011-05-10 10:00:00,0.246,7.33,2011-05-10 00:00:00,Churn at Gauging Station CW
2011-06-08 14:15:00,0.082,5.62,2011-06-08 00:00:00,Churn at Gauging Station CW
2011-07-07 13:30:00,0.054,6.9,2011-07-07 00:00:00,Churn at Gauging Station CW
2011-08-04 16:15:00,0.013,6.72,2011-08-04 00:00:00,Churn at Gauging Station CW
2011-09-02 11:05:00,0.001,5.03,2011-09-02 00:00:00,Churn at Gauging Station CW
2011-09-08 14:01:00,,3.9,2011-09-08 00:00:00,Churn at Gauging Station CW
2011-11-09 09:50:00,0.002,3.05,2011-11-09 00:00:00,Churn at Gauging Station CW
2012-01-19 10:45:00,0.767,4.42,2012-01-19 00:00:00,Churn at Gauging Station CW
2012-03-14 12:00:00,0.507,3.12,2012-03-14 00:00:00,Churn at Gauging Station CW
2012-04-24 12:00:00,0.317,5.65,2012-04-24 00:00:00,Churn at Gauging Station CW
2012-05-03 09:54:00,2.263,33.6,2012-05-03 00:00:00,Churn at Gauging Station CW
2012-06-20 11:42:00,1.811,4.28,2012-06-20 00:00:00,Churn at Gauging Station CW
2012-06-25 14:03:00,1.879,5.23,2012-06-25 00:00:00,Churn at Gauging Station CW
2012-08-31 14:25:00,1.239,5.15,2012-08-31 00:00:00,Churn at Gauging Station CW
2012-09-24 11:56:00,1.489,16.1,2012-09-24 00:00:00,Churn at Gauging Station CW
2012-11-12 11:47:00,2.143,8.57,2012-11-12 00:00:00,Churn at Gauging Station CW
2012-11-21 11:26:00,1.385,45.6,2012-11-21 00:00:00,Churn at Gauging Station CW
2009-02-13 10:55:00,2.84,6.0,2009-02-13 00:00:00,Thames at Cricklade
2009-03-03 10:00:00,2.49,5.5,2009-03-03 00:00:00,Thames at Cricklade
2009-04-03 13:45:00,0.792,5.0,2009-04-03 00:00:00,Thames at Cricklade
2009-04-30 09:55:00,0.44,10.9,2009-04-30 00:00:00,Thames at Cricklade
2009-05-27 12:40:00,0.191,12.0,2009-05-27 00:00:00,Thames at Cricklade
2009-06-25 10:55:00,0.126,14.5,2009-06-25 00:00:00,Thames at Cricklade
2009-08-14 10:10:00,0.215,7.7,2009-08-14 00:00:00,Thames at Cricklade
2009-08-18 12:50:00,0.166,8.8,2009-08-18 00:00:00,Thames at Cricklade
2009-09-22 10:10:00,0.103,8.1,2009-09-22 00:00:00,Thames at Cricklade
2009-10-26 10:03:00,0.153,3.9,2009-10-26 00:00:00,Thames at Cricklade
2009-11-30 10:11:00,3.18,6.6,2009-11-30 00:00:00,Thames at Cricklade
2010-02-09 10:28:00,2.64,4.32,2010-02-09 00:00:00,Thames at Cricklade
2010-03-03 10:50:00,2.78,6.72,2010-03-03 00:00:00,Thames at Cricklade
2010-03-24 12:10:00,1.92,4.58,2010-03-24 00:00:00,Thames at Cricklade
2010-03-29 11:10:00,2.12,6.6,2010-03-29 00:00:00,Thames at Cricklade
2010-05-07 10:15:00,0.965,5.95,2010-05-07 00:00:00,Thames at Cricklade
2010-06-03 10:20:00,0.331,5.78,2010-06-03 00:00:00,Thames at Cricklade
2010-06-30 12:50:00,0.128,5.72,2010-06-30 00:00:00,Thames at Cricklade
2010-07-22 11:55:00,0.102,8.27,2010-07-22 00:00:00,Thames at Cricklade
2010-08-24 10:35:00,0.264,9.78,2010-08-24 00:00:00,Thames at Cricklade
2010-11-24 12:30:00,0.817,7.93,2010-11-24 00:00:00,Thames at Cricklade
2010-12-11 11:11:00,0.52,17.7,2010-12-11 00:00:00,Thames at Cricklade
2011-01-10 11:05:00,1.83,7.78,2011-01-10 00:00:00,Thames at Cricklade
2011-02-01 11:40:00,1.39,5.3,2011-02-01 00:00:00,Thames at Cricklade
2011-03-06 14:00:00,2.0,3.65,2011-03-06 00:00:00,Thames at Cricklade
2011-04-12 11:18:00,0.486,7.17,2011-04-12 00:00:00,Thames at Cricklade
2011-05-12 10:30:00,0.245,5.72,2011-05-12 00:00:00,Thames at Cricklade
2011-06-02 13:40:00,0.132,3.9,2011-06-02 00:00:00,Thames at Cricklade
2011-06-15 14:35:00,0.154,4.02,2011-06-15 00:00:00,Thames at Cricklade
2011-07-15 10:00:00,0.082,7.62,2011-07-15 00:00:00,Thames at Cricklade
2011-08-18 11:00:00,0.057,4.03,2011-08-18 00:00:00,Thames at Cricklade
2011-09-15 14:39:00,0.053,7.22,2011-09-15 00:00:00,Thames at Cricklade
2011-10-08 12:05:00,0.049,5.48,2011-10-08 00:00:00,Thames at Cricklade
2011-11-11 13:15:00,0.081,4.0,2011-11-11 00:00:00,Thames at Cricklade
2012-01-03 10:10:00,1.54,12.1,2012-01-03 00:00:00,Thames at Cricklade
2012-01-31 11:00:00,1.68,5.63,2012-01-31 00:00:00,Thames at Cricklade
2012-04-26 10:00:00,2.25,21.3,2012-04-26 00:00:00,Thames at Cricklade
2012-05-08 12:52:00,3.63,7.03,2012-05-08 00:00:00,Thames at Cricklade
2012-06-12 13:50:00,2.12,8.52,2012-06-12 00:00:00,Thames at Cricklade
2012-07-02 10:09:00,1.78,3.05,2012-07-02 00:00:00,Thames at Cricklade
2012-08-28 14:34:00,1.19,3.1,2012-08-28 00:00:00,Thames at Cricklade
2012-10-18 10:34:00,2.49,4.3,2012-10-18 00:00:00,Thames at Cricklade
2012-11-09 09:31:00,2.98,3.3,2012-11-09 00:00:00,Thames at Cricklade
2012-11-21 09:58:00,3.33,14.8,2012-11-21 00:00:00,Thames at Cricklade
2009-02-13 10:15:00,3.08,9.4,2009-02-13 00:00:00,Thames at Waterhay Bridge
2009-03-03 09:35:00,1.746,4.2,2009-03-03 00:00:00,Thames at Waterhay Bridge
2009-04-03 14:20:00,0.26,5.3,2009-04-03 00:00:00,Thames at Waterhay Bridge
2009-04-30 09:32:00,0.095,4.4,2009-04-30 00:00:00,Thames at Waterhay Bridge
2009-05-27 15:15:00,0.049,10.3,2009-05-27 00:00:00,Thames at Waterhay Bridge
2009-06-25 11:25:00,0.025,8.4,2009-06-25 00:00:00,Thames at Waterhay Bridge
2009-08-01 10:55:00,0.019,4.0,2009-08-01 00:00:00,Thames at Waterhay Bridge
2009-08-14 11:25:00,0.053,3.6,2009-08-14 00:00:00,Thames at Waterhay Bridge
2009-09-22 09:35:00,0.008,8.3,2009-09-22 00:00:00,Thames at Waterhay Bridge
2009-10-26 09:40:00,,4.3,2009-10-26 00:00:00,Thames at Waterhay Bridge
2009-11-30 09:55:00,3.28,17.2,2009-11-30 00:00:00,Thames at Waterhay Bridge
2010-01-19 13:30:00,2.074,6.02,2010-01-19 00:00:00,Thames at Waterhay Bridge
2010-02-09 11:11:00,1.393,4.07,2010-02-09 00:00:00,Thames at Waterhay Bridge
2010-03-03 11:03:00,1.142,4.57,2010-03-03 00:00:00,Thames at Waterhay Bridge
2010-03-29 10:55:00,0.459,7.7,2010-03-29 00:00:00,Thames at Waterhay Bridge
2010-05-07 09:20:00,0.55,4.25,2010-05-07 00:00:00,Thames at Waterhay Bridge
2010-06-03 10:00:00,0.086,3.33,2010-06-03 00:00:00,Thames at Waterhay Bridge
2010-06-30 12:30:00,0.038,3.27,2010-06-30 00:00:00,Thames at Waterhay Bridge
2010-07-22 11:30:00,0.019,3.87,2010-07-22 00:00:00,Thames at Waterhay Bridge
2010-08-24 10:55:00,0.02,4.58,2010-08-24 00:00:00,Thames at Waterhay Bridge
2010-12-11 10:37:00,0.264,3.2,2010-12-11 00:00:00,Thames at Waterhay Bridge
2011-01-10 11:40:00,0.398,7.13,2011-01-10 00:00:00,Thames at Waterhay Bridge
2011-02-01 14:40:00,0.815,3.97,2011-02-01 00:00:00,Thames at Waterhay Bridge
2011-03-06 14:40:00,0.92,3.55,2011-03-06 00:00:00,Thames at Waterhay Bridge
2011-04-12 13:15:00,0.128,3.27,2011-04-12 00:00:00,Thames at Waterhay Bridge
2011-05-12 11:15:00,0.04,5.62,2011-05-12 00:00:00,Thames at Waterhay Bridge
2011-06-09 12:15:00,0.016,5.12,2011-06-09 00:00:00,Thames at Waterhay Bridge
2011-06-15 14:10:00,0.015,8.47,2011-06-15 00:00:00,Thames at Waterhay Bridge
2011-07-15 09:25:00,0.001,57.5,2011-07-15 00:00:00,Thames at Waterhay Bridge
2011-09-15 16:14:00,,4.07,2011-09-15 00:00:00,Thames at Waterhay Bridge
2011-10-08 11:45:00,,49.9,2011-10-08 00:00:00,Thames at Waterhay Bridge
2011-11-11 13:37:00,,4.25,2011-11-11 00:00:00,Thames at Waterhay Bridge
2012-01-03 09:40:00,0.467,5.1,2012-01-03 00:00:00,Thames at Waterhay Bridge
2012-01-31 10:30:00,0.484,4.43,2012-01-31 00:00:00,Thames at Waterhay Bridge
2012-04-20 10:25:00,0.075,8.17,2012-04-20 00:00:00,Thames at Waterhay Bridge
2012-05-08 11:58:00,3.5,12.8,2012-05-08 00:00:00,Thames at Waterhay Bridge
2012-06-12 11:15:00,2.85,18.0,2012-06-12 00:00:00,Thames at Waterhay Bridge
2012-06-25 10:19:00,3.61,11.4,2012-06-25 00:00:00,Thames at Waterhay Bridge
2012-08-29 10:06:00,2.82,3.85,2012-08-29 00:00:00,Thames at Waterhay Bridge
2012-11-13 09:24:00,1.18,5.85,2012-11-13 00:00:00,Thames at Waterhay Bridge
2012-11-26 14:31:00,3.98,17.7,2012-11-26 00:00:00,Thames at Waterhay Bridge
2009-02-18 10:37:00,2.4,19.2,2009-02-18 00:00:00,Cole at Coleshill
2009-03-11 10:22:00,1.36,9.3,2009-03-11 00:00:00,Cole at Coleshill
2009-04-16 11:28:00,1.19,10.8,2009-04-16 00:00:00,Cole at Coleshill
2009-05-14 11:15:00,0.639,10.9,2009-05-14 00:00:00,Cole at Coleshill
2009-06-03 10:57:00,0.345,6.8,2009-06-03 00:00:00,Cole at Coleshill
2009-06-30 11:14:00,0.312,8.9,2009-06-30 00:00:00,Cole at Coleshill
2009-08-08 11:32:00,1.49,18.7,2009-08-08 00:00:00,Cole at Coleshill
2009-08-29 11:00:00,0.185,5.0,2009-08-29 00:00:00,Cole at Coleshill
2009-10-01 11:35:00,0.122,11.3,2009-10-01 00:00:00,Cole at Coleshill
2009-10-30 11:09:00,0.156,10.5,2009-10-30 00:00:00,Cole at Coleshill
2009-11-27 10:21:00,2.06,13.9,2009-11-27 00:00:00,Cole at Coleshill
2010-01-22 09:45:00,5.49,23.3,2010-01-22 00:00:00,Cole at Coleshill
2010-02-23 13:48:00,2.93,24.0,2010-02-23 00:00:00,Cole at Coleshill
2010-03-10 11:10:00,1.33,6.53,2010-03-10 00:00:00,Cole at Coleshill
2010-04-08 11:20:00,1.29,6.78,2010-04-08 00:00:00,Cole at Coleshill
2010-05-14 11:25:00,0.517,6.63,2010-05-14 00:00:00,Cole at Coleshill
2010-06-07 11:51:00,0.335,10.7,2010-06-07 00:00:00,Cole at Coleshill
2010-07-05 11:40:00,0.18,5.92,2010-07-05 00:00:00,Cole at Coleshill
2010-07-28 12:30:00,0.15,7.72,2010-07-28 00:00:00,Cole at Coleshill
2010-08-31 11:08:00,0.253,6.4,2010-08-31 00:00:00,Cole at Coleshill
2010-10-05 10:35:00,0.381,12.0,2010-10-05 00:00:00,Cole at Coleshill
2010-10-30 11:55:00,0.181,5.67,2010-10-30 00:00:00,Cole at Coleshill
2010-12-04 10:51:00,0.448,36.6,2010-12-04 00:00:00,Cole at Coleshill
2011-01-13 10:30:00,5.55,71.9,2011-01-13 00:00:00,Cole at Coleshill
2011-02-10 11:25:00,0.921,7.85,2011-02-10 00:00:00,Cole at Coleshill
2011-03-08 12:50:00,0.938,5.6,2011-03-08 00:00:00,Cole at Coleshill
2011-04-15 09:50:00,0.414,11.3,2011-04-15 00:00:00,Cole at Coleshill
2011-05-09 09:30:00,0.461,22.6,2011-05-09 00:00:00,Cole at Coleshill
2011-06-09 09:55:00,0.206,11.1,2011-06-09 00:00:00,Cole at Coleshill
2011-07-05 10:10:00,0.089,9.92,2011-07-05 00:00:00,Cole at Coleshill
2011-08-01 09:25:00,0.086,14.3,2011-08-01 00:00:00,Cole at Coleshill
2011-09-05 11:40:00,0.288,23.2,2011-09-05 00:00:00,Cole at Coleshill
2011-10-11 12:55:00,0.08,12.1,2011-10-11 00:00:00,Cole at Coleshill
2011-11-21 10:45:00,0.105,15.8,2011-11-21 00:00:00,Cole at Coleshill
2011-12-08 15:00:00,0.128,5.35,2011-12-08 00:00:00,Cole at Coleshill
2012-01-16 10:30:00,0.302,8.42,2012-01-16 00:00:00,Cole at Coleshill
2012-02-07 10:18:00,0.828,7.25,2012-02-07 00:00:00,Cole at Coleshill
2012-02-13 11:20:00,0.501,5.18,2012-02-13 00:00:00,Cole at Coleshill
2012-03-13 10:10:00,0.381,8.8,2012-03-13 00:00:00,Cole at Coleshill
2012-04-17 10:50:00,0.445,9.08,2012-04-17 00:00:00,Cole at Coleshill
2012-05-04 13:47:00,3.36,17.4,2012-05-04 00:00:00,Cole at Coleshill
2012-06-06 10:36:00,0.972,12.1,2012-06-06 00:00:00,Cole at Coleshill
2012-07-18 11:50:00,1.17,10.5,2012-07-18 00:00:00,Cole at Coleshill
2012-08-01 08:57:00,0.569,7.3,2012-08-01 00:00:00,Cole at Coleshill
2012-09-03 11:23:00,0.708,6.05,2012-09-03 00:00:00,Cole at Coleshill
2012-10-02 12:24:00,0.644,5.73,2012-10-02 00:00:00,Cole at Coleshill
2012-11-08 08:38:00,2.0,10.1,2012-11-08 00:00:00,Cole at Coleshill
2009-02-25 13:00:00,4.84,13.3,2009-02-25 00:00:00,Colne at Roundhouse Lechlade
2009-03-17 13:45:00,3.15,13.3,2009-03-17 00:00:00,Colne at Roundhouse Lechlade
2009-04-22 14:25:00,1.84,11.3,2009-04-22 00:00:00,Colne at Roundhouse Lechlade
2009-05-18 14:15:00,1.54,11.5,2009-05-18 00:00:00,Colne at Roundhouse Lechlade
2009-06-10 15:35:00,1.29,10.0,2009-06-10 00:00:00,Colne at Roundhouse Lechlade
2009-07-25 14:30:00,1.02,6.0,2009-07-25 00:00:00,Colne at Roundhouse Lechlade
2009-08-08 14:05:00,1.33,4.0,2009-08-08 00:00:00,Colne at Roundhouse Lechlade
2009-09-14 12:35:00,1.05,9.0,2009-09-14 00:00:00,Colne at Roundhouse Lechlade
2009-10-23 14:17:00,0.948,6.7,2009-10-23 00:00:00,Colne at Roundhouse Lechlade
2009-11-23 13:36:00,3.01,19.8,2009-11-23 00:00:00,Colne at Roundhouse Lechlade
2009-12-01 14:51:00,5.64,18.4,2009-12-01 00:00:00,Colne at Roundhouse Lechlade
2010-01-22 14:08:00,5.89,19.3,2010-01-22 00:00:00,Colne at Roundhouse Lechlade
2010-03-05 14:10:00,3.95,8.87,2010-03-05 00:00:00,Colne at Roundhouse Lechlade
2010-03-26 12:35:00,3.3,13.4,2010-03-26 00:00:00,Colne at Roundhouse Lechlade
2010-04-29 12:15:00,2.59,11.2,2010-04-29 00:00:00,Colne at Roundhouse Lechlade
2010-05-25 14:20:00,1.68,15.9,2010-05-25 00:00:00,Colne at Roundhouse Lechlade
2010-06-28 15:30:00,1.19,10.4,2010-06-28 00:00:00,Colne at Roundhouse Lechlade
2010-07-13 14:00:00,1.12,9.38,2010-07-13 00:00:00,Colne at Roundhouse Lechlade
2010-08-18 14:50:00,0.919,14.0,2010-08-18 00:00:00,Colne at Roundhouse Lechlade
2010-09-22 10:00:00,0.9,16.0,2010-09-22 00:00:00,Colne at Roundhouse Lechlade
2010-10-20 14:32:00,0.954,7.12,2010-10-20 00:00:00,Colne at Roundhouse Lechlade
2010-11-17 13:00:00,1.33,4.82,2010-11-17 00:00:00,Colne at Roundhouse Lechlade
2010-12-13 14:10:00,1.31,4.57,2010-12-13 00:00:00,Colne at Roundhouse Lechlade
2011-01-15 09:30:00,3.32,25.9,2011-01-15 00:00:00,Colne at Roundhouse Lechlade
2011-02-18 14:20:00,2.52,10.8,2011-02-18 00:00:00,Colne at Roundhouse Lechlade
2011-03-23 13:40:00,2.48,7.63,2011-03-23 00:00:00,Colne at Roundhouse Lechlade
2011-04-14 11:30:00,1.77,7.6,2011-04-14 00:00:00,Colne at Roundhouse Lechlade
2011-05-11 14:15:00,1.27,11.7,2011-05-11 00:00:00,Colne at Roundhouse Lechlade
2011-07-08 13:25:00,0.938,7.85,2011-07-08 00:00:00,Colne at Roundhouse Lechlade
2011-07-19 10:00:00,0.848,8.05,2011-07-19 00:00:00,Colne at Roundhouse Lechlade
2011-08-15 15:00:00,0.728,13.7,2011-08-15 00:00:00,Colne at Roundhouse Lechlade
2011-09-06 10:35:00,0.585,9.03,2011-09-06 00:00:00,Colne at Roundhouse Lechlade
2011-10-24 13:20:00,0.452,4.78,2011-10-24 00:00:00,Colne at Roundhouse Lechlade
2011-11-16 12:25:00,0.438,5.57,2011-11-16 00:00:00,Colne at Roundhouse Lechlade
2011-12-12 13:30:00,0.487,4.32,2011-12-12 00:00:00,Colne at Roundhouse Lechlade
2012-01-09 13:30:00,1.31,8.47,2012-01-09 00:00:00,Colne at Roundhouse Lechlade
2012-03-09 13:25:00,1.26,6.12,2012-03-09 00:00:00,Colne at Roundhouse Lechlade
2012-03-27 11:05:00,1.06,5.93,2012-03-27 00:00:00,Colne at Roundhouse Lechlade
2012-04-20 11:00:00,1.0,6.52,2012-04-20 00:00:00,Colne at Roundhouse Lechlade
2012-05-04 11:21:00,2.73,13.4,2012-05-04 00:00:00,Colne at Roundhouse Lechlade
2012-07-13 09:06:00,3.08,11.0,2012-07-13 00:00:00,Colne at Roundhouse Lechlade
2012-10-17 12:49:00,3.43,9.3,2012-10-17 00:00:00,Colne at Roundhouse Lechlade
2012-11-08 09:53:00,3.65,6.08,2012-11-08 00:00:00,Colne at Roundhouse Lechlade
2012-11-13 08:46:00,3.62,7.22,2012-11-13 00:00:00,Colne at Roundhouse Lechlade
2012-11-29 10:12:00,7.75,6.57,2012-11-29 00:00:00,Colne at Roundhouse Lechlade
2012-12-11 08:52:00,5.17,10.4,2012-12-11 00:00:00,Colne at Roundhouse Lechlade
2012-12-13 15:01:00,5.01,35.2,2012-12-13 00:00:00,Colne at Roundhouse Lechlade
2009-02-10 11:03:00,9.044,88.9,2009-02-10 00:00:00,Ock at Stanford
2009-03-03 10:45:00,2.465,14.4,2009-03-03 00:00:00,Ock at Stanford
2009-03-28 10:15:00,1.565,8.7,2009-03-28 00:00:00,Ock at Stanford
2009-04-28 08:55:00,1.244,16.5,2009-04-28 00:00:00,Ock at Stanford
2009-05-25 15:20:00,0.756,15.3,2009-05-25 00:00:00,Ock at Stanford
2009-06-25 13:58:00,0.521,25.5,2009-06-25 00:00:00,Ock at Stanford
2009-07-20 08:50:00,0.591,22.7,2009-07-20 00:00:00,Ock at Stanford
2009-09-08 09:30:00,0.446,18.9,2009-09-08 00:00:00,Ock at Stanford
2009-09-23 08:55:00,0.424,20.5,2009-09-23 00:00:00,Ock at Stanford
2009-11-04 16:00:00,0.687,5.4,2009-11-04 00:00:00,Ock at Stanford
2009-12-02 10:05:00,2.08,9.85,2009-12-02 00:00:00,Ock at Stanford
2010-01-05 11:55:00,2.19,7.35,2010-01-05 00:00:00,Ock at Stanford
2010-02-15 09:05:00,1.901,9.6,2010-02-15 00:00:00,Ock at Stanford
2010-03-01 10:35:00,7.967,70.3,2010-03-01 00:00:00,Ock at Stanford
2010-03-29 14:30:00,3.505,12.0,2010-03-29 00:00:00,Ock at Stanford
2010-05-05 13:15:00,1.137,9.32,2010-05-05 00:00:00,Ock at Stanford
2010-06-09 13:40:00,1.082,21.2,2010-06-09 00:00:00,Ock at Stanford
2010-06-30 09:50:00,0.494,22.1,2010-06-30 00:00:00,Ock at Stanford
2010-07-28 09:40:00,0.394,24.5,2010-07-28 00:00:00,Ock at Stanford
2010-08-24 09:20:00,0.821,29.1,2010-08-24 00:00:00,Ock at Stanford
2010-10-18 10:30:00,0.505,6.6,2010-10-18 00:00:00,Ock at Stanford
2010-11-16 09:45:00,0.958,3.72,2010-11-16 00:00:00,Ock at Stanford
2010-12-15 09:35:00,0.69,43.9,2010-12-15 00:00:00,Ock at Stanford
2010-12-16 15:20:00,0.734,6.88,2010-12-16 00:00:00,Ock at Stanford
2011-01-04 10:15:00,0.985,6.45,2011-01-04 00:00:00,Ock at Stanford
2011-02-02 12:20:00,1.447,7.1,2011-02-02 00:00:00,Ock at Stanford
2011-03-03 13:00:00,2.367,11.4,2011-03-03 00:00:00,Ock at Stanford
2011-04-07 14:30:00,0.922,14.0,2011-04-07 00:00:00,Ock at Stanford
2011-05-03 14:05:00,0.563,8.15,2011-05-03 00:00:00,Ock at Stanford
2011-06-13 08:35:00,0.673,25.0,2011-06-13 00:00:00,Ock at Stanford
2011-06-22 13:30:00,0.42,19.2,2011-06-22 00:00:00,Ock at Stanford
2011-07-11 14:25:00,0.349,22.6,2011-07-11 00:00:00,Ock at Stanford
2011-08-19 08:30:00,0.489,21.9,2011-08-19 00:00:00,Ock at Stanford
2011-09-21 11:30:00,0.4,8.03,2011-09-21 00:00:00,Ock at Stanford
2011-10-15 11:32:00,0.32,3.68,2011-10-15 00:00:00,Ock at Stanford
2011-11-12 11:42:00,0.502,3.63,2011-11-12 00:00:00,Ock at Stanford
2012-01-19 11:20:00,0.679,7.17,2012-01-19 00:00:00,Ock at Stanford
2012-02-01 12:05:00,0.746,10.6,2012-02-01 00:00:00,Ock at Stanford
2012-02-20 11:20:00,0.735,7.68,2012-02-20 00:00:00,Ock at Stanford
2012-04-12 11:30:00,0.603,5.38,2012-04-12 00:00:00,Ock at Stanford
2012-05-08 09:36:00,3.343,11.0,2012-05-08 00:00:00,Ock at Stanford
2012-06-06 11:32:00,1.582,7.42,2012-06-06 00:00:00,Ock at Stanford
2012-07-11 10:59:00,2.088,10.9,2012-07-11 00:00:00,Ock at Stanford
2012-07-31 12:08:00,0.91,7.8,2012-07-31 00:00:00,Ock at Stanford
2012-08-22 11:19:00,0.834,10.6,2012-08-22 00:00:00,Ock at Stanford
2012-10-04 11:40:00,1.381,22.9,2012-10-04 00:00:00,Ock at Stanford
2012-10-24 10:47:00,3.146,12.2,2012-10-24 00:00:00,Ock at Stanford
2012-11-27 09:26:00,9.837,38.2,2012-11-27 00:00:00,Ock at Stanford
2009-02-09 11:00:00,9.25,24.6,2009-02-09 00:00:00,Oxon Ray at Islip
2009-03-03 14:15:00,1.87,6.9,2009-03-03 00:00:00,Oxon Ray at Islip
2009-04-08 10:40:00,0.582,7.4,2009-04-08 00:00:00,Oxon Ray at Islip
2009-05-04 11:45:00,0.438,15.6,2009-05-04 00:00:00,Oxon Ray at Islip
2009-06-01 14:45:00,0.302,18.2,2009-06-01 00:00:00,Oxon Ray at Islip
2009-06-20 12:57:00,0.404,12.6,2009-06-20 00:00:00,Oxon Ray at Islip
2009-07-28 14:20:00,0.384,15.4,2009-07-28 00:00:00,Oxon Ray at Islip
2009-08-15 09:48:00,0.337,12.9,2009-08-15 00:00:00,Oxon Ray at Islip
2009-09-24 10:45:00,0.13,13.2,2009-09-24 00:00:00,Oxon Ray at Islip
2009-10-24 13:15:00,0.168,7.6,2009-10-24 00:00:00,Oxon Ray at Islip
2009-12-04 10:50:00,4.13,10.9,2009-12-04 00:00:00,Oxon Ray at Islip
2010-01-03 11:17:00,9.16,17.4,2010-01-03 00:00:00,Oxon Ray at Islip
2010-02-01 15:55:00,4.99,13.4,2010-02-01 00:00:00,Oxon Ray at Islip
2010-03-05 11:12:00,8.78,20.7,2010-03-05 00:00:00,Oxon Ray at Islip
2010-03-29 12:07:00,3.57,9.48,2010-03-29 00:00:00,Oxon Ray at Islip
2010-05-20 10:55:00,0.383,9.2,2010-05-20 00:00:00,Oxon Ray at Islip
2010-06-08 09:24:00,1.12,14.4,2010-06-08 00:00:00,Oxon Ray at Islip
2010-07-02 09:21:00,0.137,8.53,2010-07-02 00:00:00,Oxon Ray at Islip
2010-07-23 08:40:00,0.111,6.8,2010-07-23 00:00:00,Oxon Ray at Islip
2010-09-01 11:55:00,0.208,4.7,2010-09-01 00:00:00,Oxon Ray at Islip
2010-09-20 11:45:00,0.187,8.18,2010-09-20 00:00:00,Oxon Ray at Islip
2010-11-27 10:45:00,0.484,6.5,2010-11-27 00:00:00,Oxon Ray at Islip
2011-01-10 10:30:00,6.86,28.1,2011-01-10 00:00:00,Oxon Ray at Islip
2011-02-11 14:00:00,1.31,8.28,2011-02-11 00:00:00,Oxon Ray at Islip
2011-03-18 11:30:00,0.987,4.58,2011-03-18 00:00:00,Oxon Ray at Islip
2011-04-11 16:12:00,0.531,5.37,2011-04-11 00:00:00,Oxon Ray at Islip
2011-05-10 11:30:00,0.401,5.22,2011-05-10 00:00:00,Oxon Ray at Islip
2011-07-15 16:50:00,0.107,3.2,2011-07-15 00:00:00,Oxon Ray at Islip
2011-10-21 08:25:00,0.118,5.27,2011-10-21 00:00:00,Oxon Ray at Islip
2011-10-29 11:05:00,0.165,4.63,2011-10-29 00:00:00,Oxon Ray at Islip
2011-11-30 08:25:00,0.181,4.05,2011-11-30 00:00:00,Oxon Ray at Islip
2012-01-17 09:00:00,0.437,13.9,2012-01-17 00:00:00,Oxon Ray at Islip
2012-02-03 10:55:00,0.504,22.1,2012-02-03 00:00:00,Oxon Ray at Islip
2012-04-24 09:41:00,1.34,5.58,2012-04-24 00:00:00,Oxon Ray at Islip
2012-05-03 15:09:00,10.3,9.1,2012-05-03 00:00:00,Oxon Ray at Islip
2012-05-28 11:35:00,0.694,3.57,2012-05-28 00:00:00,Oxon Ray at Islip
2012-07-09 13:23:00,7.53,8.87,2012-07-09 00:00:00,Oxon Ray at Islip
2012-08-28 10:53:00,0.699,3.95,2012-08-28 00:00:00,Oxon Ray at Islip
2012-10-10 11:26:00,3.16,10.8,2012-10-10 00:00:00,Oxon Ray at Islip
2012-10-23 13:51:00,7.55,28.6,2012-10-23 00:00:00,Oxon Ray at Islip
2012-11-28 09:31:00,18.9,45.3,2012-11-28 00:00:00,Oxon Ray at Islip
2009-02-14 09:00:00,37.8,21.0,2009-02-14 00:00:00,Cherwell at Oxford
2009-03-13 10:50:00,6.25,5.6,2009-03-13 00:00:00,Cherwell at Oxford
2009-04-04 14:45:00,3.5,11.5,2009-04-04 00:00:00,Cherwell at Oxford
2009-05-11 10:15:00,1.983,9.9,2009-05-11 00:00:00,Cherwell at Oxford
2009-05-31 14:20:00,1.849,49.5,2009-05-31 00:00:00,Cherwell at Oxford
2009-07-19 15:30:00,2.266,13.9,2009-07-19 00:00:00,Cherwell at Oxford
2009-07-31 15:50:00,2.6660000000000004,12.0,2009-07-31 00:00:00,Cherwell at Oxford
2009-08-22 15:00:00,1.186,14.9,2009-08-22 00:00:00,Cherwell at Oxford
2009-09-28 15:05:00,0.984,7.0,2009-09-28 00:00:00,Cherwell at Oxford
2009-11-05 14:12:00,2.3729999999999998,10.1,2009-11-05 00:00:00,Cherwell at Oxford
2009-11-26 12:00:00,10.7,46.9,2009-11-26 00:00:00,Cherwell at Oxford
2010-01-14 11:26:00,6.24,7.47,2010-01-14 00:00:00,Cherwell at Oxford
2010-02-09 08:25:00,8.49,11.3,2010-02-09 00:00:00,Cherwell at Oxford
2010-03-12 08:40:00,6.26,6.2,2010-03-12 00:00:00,Cherwell at Oxford
2010-04-09 14:06:00,6.8500000000000005,8.9,2010-04-09 00:00:00,Cherwell at Oxford
2010-05-24 15:05:00,2.1830000000000003,39.0,2010-05-24 00:00:00,Cherwell at Oxford
2010-06-08 15:00:00,2.66,15.2,2010-06-08 00:00:00,Cherwell at Oxford
2010-07-07 14:20:00,1.034,11.3,2010-07-07 00:00:00,Cherwell at Oxford
2010-08-04 16:15:00,0.8089999999999999,11.4,2010-08-04 00:00:00,Cherwell at Oxford
2010-09-14 11:05:00,1.38,10.2,2010-09-14 00:00:00,Cherwell at Oxford
2010-10-08 15:00:00,2.173,16.3,2010-10-08 00:00:00,Cherwell at Oxford
2010-10-29 15:55:00,2.326,8.47,2010-10-29 00:00:00,Cherwell at Oxford
2010-11-23 17:00:00,2.83,11.9,2010-11-23 00:00:00,Cherwell at Oxford
2011-01-05 09:20:00,6.64,12.6,2011-01-05 00:00:00,Cherwell at Oxford
2011-02-17 10:15:00,6.4,17.3,2011-02-17 00:00:00,Cherwell at Oxford
2011-03-02 15:00:00,16.85,33.3,2011-03-02 00:00:00,Cherwell at Oxford
2011-04-06 14:25:00,3.0570000000000004,7.8,2011-04-06 00:00:00,Cherwell at Oxford
2011-05-13 09:40:00,1.5370000000000001,21.7,2011-05-13 00:00:00,Cherwell at Oxford
2011-06-03 15:30:00,1.205,7.82,2011-06-03 00:00:00,Cherwell at Oxford
2011-07-14 14:55:00,0.875,8.9,2011-07-14 00:00:00,Cherwell at Oxford
2011-08-15 09:40:00,0.707,11.2,2011-08-15 00:00:00,Cherwell at Oxford
2011-08-31 15:20:00,0.883,7.6,2011-08-31 00:00:00,Cherwell at Oxford
2011-10-12 14:46:00,0.629,6.92,2011-10-12 00:00:00,Cherwell at Oxford
2011-11-08 10:40:00,1.017,7.45,2011-11-08 00:00:00,Cherwell at Oxford
2011-11-26 15:10:00,0.832,6.35,2011-11-26 00:00:00,Cherwell at Oxford
2012-01-20 13:40:00,1.953,5.05,2012-01-20 00:00:00,Cherwell at Oxford
2012-02-03 12:50:00,1.994,5.07,2012-02-03 00:00:00,Cherwell at Oxford
2012-03-14 17:00:00,2.302,6.55,2012-03-14 00:00:00,Cherwell at Oxford
2012-04-20 12:55:00,7.6,12.5,2012-04-20 00:00:00,Cherwell at Oxford
2012-05-16 11:46:00,8.29,7.67,2012-05-16 00:00:00,Cherwell at Oxford
2012-06-07 10:59:00,4.45,7.38,2012-06-07 00:00:00,Cherwell at Oxford
2012-07-10 14:45:00,16.490000000000002,17.2,2012-07-10 00:00:00,Cherwell at Oxford
2012-08-01 12:34:00,3.7800000000000002,8.07,2012-08-01 00:00:00,Cherwell at Oxford
2012-08-28 12:08:00,3.2489999999999997,6.6,2012-08-28 00:00:00,Cherwell at Oxford
2012-10-10 10:39:00,9.23,28.2,2012-10-10 00:00:00,Cherwell at Oxford
2012-10-24 11:25:00,11.309999999999999,14.1,2012-10-24 00:00:00,Cherwell at Oxford
2012-12-07 12:04:00,17.53,14.2,2012-12-07 00:00:00,Cherwell at Oxford
2009-02-15 09:25:00,15.7,10.7,2009-02-15 00:00:00,Thame at Dorchester Bridge
2009-03-09 14:59:00,4.0,8.6,2009-03-09 00:00:00,Thame at Dorchester Bridge
2009-04-08 09:45:00,1.76,6.4,2009-04-08 00:00:00,Thame at Dorchester Bridge
2009-05-10 08:55:00,1.17,9.4,2009-05-10 00:00:00,Thame at Dorchester Bridge
2009-06-05 11:00:00,0.918,24.7,2009-06-05 00:00:00,Thame at Dorchester Bridge
2009-07-04 15:05:00,0.721,21.8,2009-07-04 00:00:00,Thame at Dorchester Bridge
2009-07-31 16:00:00,1.05,20.3,2009-07-31 00:00:00,Thame at Dorchester Bridge
2009-08-28 13:00:00,0.907,19.0,2009-08-28 00:00:00,Thame at Dorchester Bridge
2009-10-17 12:31:00,0.782,9.6,2009-10-17 00:00:00,Thame at Dorchester Bridge
2009-11-10 12:10:00,0.963,5.5,2009-11-10 00:00:00,Thame at Dorchester Bridge
2009-11-25 15:03:00,6.63,48.9,2009-11-25 00:00:00,Thame at Dorchester Bridge
2010-01-18 14:00:00,24.0,18.8,2010-01-18 00:00:00,Thame at Dorchester Bridge
2010-02-16 14:30:00,5.68,7.88,2010-02-16 00:00:00,Thame at Dorchester Bridge
2010-03-08 11:45:00,5.62,9.95,2010-03-08 00:00:00,Thame at Dorchester Bridge
2010-04-06 14:15:00,4.22,7.18,2010-04-06 00:00:00,Thame at Dorchester Bridge
2010-05-14 08:10:00,1.23,7.0,2010-05-14 00:00:00,Thame at Dorchester Bridge
2010-06-10 14:50:00,1.27,12.8,2010-06-10 00:00:00,Thame at Dorchester Bridge
2010-07-02 13:23:00,0.692,9.43,2010-07-02 00:00:00,Thame at Dorchester Bridge
2010-07-29 16:35:00,0.577,9.85,2010-07-29 00:00:00,Thame at Dorchester Bridge
2010-08-31 16:01:00,1.76,19.2,2010-08-31 00:00:00,Thame at Dorchester Bridge
2010-10-07 15:30:00,1.39,16.8,2010-10-07 00:00:00,Thame at Dorchester Bridge
2010-11-08 16:00:00,2.61,15.9,2010-11-08 00:00:00,Thame at Dorchester Bridge
2010-12-15 15:36:00,1.14,3.23,2010-12-15 00:00:00,Thame at Dorchester Bridge
2011-01-04 14:30:00,3.25,11.8,2011-01-04 00:00:00,Thame at Dorchester Bridge
2011-02-02 14:45:00,3.01,8.18,2011-02-02 00:00:00,Thame at Dorchester Bridge
2011-03-03 15:25:00,6.46,29.0,2011-03-03 00:00:00,Thame at Dorchester Bridge
2011-04-04 14:30:00,1.49,5.55,2011-04-04 00:00:00,Thame at Dorchester Bridge
2011-05-03 15:10:00,0.85,7.75,2011-05-03 00:00:00,Thame at Dorchester Bridge
2011-06-03 14:05:00,0.785,12.2,2011-06-03 00:00:00,Thame at Dorchester Bridge
2011-07-08 13:10:00,0.893,16.4,2011-07-08 00:00:00,Thame at Dorchester Bridge
2011-08-12 13:30:00,0.711,19.3,2011-08-12 00:00:00,Thame at Dorchester Bridge
2011-09-21 14:15:00,0.631,21.0,2011-09-21 00:00:00,Thame at Dorchester Bridge
2011-10-17 13:00:00,0.643,12.3,2011-10-17 00:00:00,Thame at Dorchester Bridge
2011-11-13 14:35:00,0.816,12.2,2011-11-13 00:00:00,Thame at Dorchester Bridge
2012-01-11 12:30:00,1.27,9.13,2012-01-11 00:00:00,Thame at Dorchester Bridge
2012-02-01 13:30:00,1.38,5.8,2012-02-01 00:00:00,Thame at Dorchester Bridge
2012-03-06 13:10:00,4.82,36.3,2012-03-06 00:00:00,Thame at Dorchester Bridge
2012-04-23 15:05:00,2.2,10.4,2012-04-23 00:00:00,Thame at Dorchester Bridge
2012-05-01 11:35:00,21.9,21.9,2012-05-01 00:00:00,Thame at Dorchester Bridge
2012-06-14 14:30:00,13.3,10.2,2012-06-14 00:00:00,Thame at Dorchester Bridge
2012-07-03 17:27:00,1.99,18.6,2012-07-03 00:00:00,Thame at Dorchester Bridge
2012-08-02 14:03:00,1.67,15.3,2012-08-02 00:00:00,Thame at Dorchester Bridge
2012-09-05 15:07:00,0.811,15.9,2012-09-05 00:00:00,Thame at Dorchester Bridge
2012-12-10 12:29:00,6.57,13.5,2012-12-10 00:00:00,Thame at Dorchester Bridge
2012-12-13 12:18:00,4.75,9.63,2012-12-13 00:00:00,Thame at Dorchester Bridge
2012-12-14 09:40:00,6.56,12.2,2012-12-14 00:00:00,Thame at Dorchester Bridge
2009-02-05 10:00:00,10.14,9.6,2009-02-05 00:00:00,Kennet at Thatcham
2009-03-01 09:53:00,13.2,9.6,2009-03-01 00:00:00,Kennet at Thatcham
2009-04-05 09:33:00,9.43,12.7,2009-04-05 00:00:00,Kennet at Thatcham
2009-04-28 10:30:00,8.33,7.6,2009-04-28 00:00:00,Kennet at Thatcham
2009-05-26 11:15:00,5.93,16.9,2009-05-26 00:00:00,Kennet at Thatcham
2009-07-09 10:55:00,4.12,12.0,2009-07-09 00:00:00,Kennet at Thatcham
2009-07-28 13:15:00,3.83,9.5,2009-07-28 00:00:00,Kennet at Thatcham
2009-08-08 14:45:00,4.67,14.4,2009-08-08 00:00:00,Kennet at Thatcham
2009-09-17 09:45:00,3.1029999999999998,7.8,2009-09-17 00:00:00,Kennet at Thatcham
2009-10-27 08:25:00,2.912,8.2,2009-10-27 00:00:00,Kennet at Thatcham
2009-11-30 09:55:00,6.55,28.9,2009-11-30 00:00:00,Kennet at Thatcham
2009-12-14 11:25:00,6.69,7.0,2009-12-14 00:00:00,Kennet at Thatcham
2010-01-15 12:15:00,8.71,10.1,2010-01-15 00:00:00,Kennet at Thatcham
2010-02-08 11:00:00,11.35,12.3,2010-02-08 00:00:00,Kennet at Thatcham
2010-03-04 10:25:00,11.59,9.3,2010-03-04 00:00:00,Kennet at Thatcham
2010-03-29 11:49:00,11.719999999999999,11.8,2010-03-29 00:00:00,Kennet at Thatcham
2010-04-27 10:05:00,9.5,10.8,2010-04-27 00:00:00,Kennet at Thatcham
2010-06-07 12:15:00,6.290000000000001,12.7,2010-06-07 00:00:00,Kennet at Thatcham
2010-06-30 12:40:00,4.640000000000001,8.5,2010-06-30 00:00:00,Kennet at Thatcham
2010-07-23 13:15:00,4.199999999999999,8.35,2010-07-23 00:00:00,Kennet at Thatcham
2010-08-31 12:15:00,3.5700000000000003,5.7,2010-08-31 00:00:00,Kennet at Thatcham
2010-11-15 12:15:00,3.503,4.42,2010-11-15 00:00:00,Kennet at Thatcham
2010-12-11 12:50:00,3.245,4.37,2010-12-11 00:00:00,Kennet at Thatcham
2011-01-06 11:10:00,3.62,8.37,2011-01-06 00:00:00,Kennet at Thatcham
2011-02-09 13:56:00,5.7299999999999995,9.27,2011-02-09 00:00:00,Kennet at Thatcham
2011-03-04 13:18:00,6.9,7.68,2011-03-04 00:00:00,Kennet at Thatcham
2011-04-06 10:15:00,6.38,12.4,2011-04-06 00:00:00,Kennet at Thatcham
2011-05-04 11:20:00,4.88,7.58,2011-05-04 00:00:00,Kennet at Thatcham
2011-06-02 13:30:00,4.03,7.88,2011-06-02 00:00:00,Kennet at Thatcham
2011-06-15 12:35:00,3.85,6.33,2011-06-15 00:00:00,Kennet at Thatcham
2011-07-18 11:55:00,3.31,7.42,2011-07-18 00:00:00,Kennet at Thatcham
2011-08-22 09:55:00,2.8040000000000003,7.08,2011-08-22 00:00:00,Kennet at Thatcham
2011-09-20 09:50:00,2.609,5.13,2011-09-20 00:00:00,Kennet at Thatcham
2011-10-18 15:52:00,2.363,4.27,2011-10-18 00:00:00,Kennet at Thatcham
2011-11-25 13:31:00,2.36,4.5,2011-11-25 00:00:00,Kennet at Thatcham
2012-01-06 13:40:00,3.345,7.73,2012-01-06 00:00:00,Kennet at Thatcham
2012-02-02 13:45:00,3.1399999999999997,5.9,2012-02-02 00:00:00,Kennet at Thatcham
2012-02-17 13:40:00,3.2990000000000004,8.03,2012-02-17 00:00:00,Kennet at Thatcham
2012-04-11 12:30:00,3.303,8.23,2012-04-11 00:00:00,Kennet at Thatcham
2012-05-03 14:51:00,6.24,19.1,2012-05-03 00:00:00,Kennet at Thatcham
2012-06-20 14:45:00,5.92,8.37,2012-06-20 00:00:00,Kennet at Thatcham
2012-07-17 15:07:00,6.790000000000001,9.2,2012-07-17 00:00:00,Kennet at Thatcham
2012-09-25 15:36:00,5.91,7.92,2012-09-25 00:00:00,Kennet at Thatcham
2012-11-06 11:10:00,8.88,10.0,2012-11-06 00:00:00,Kennet at Thatcham
2012-12-05 11:56:00,14.32,7.58,2012-12-05 00:00:00,Kennet at Thatcham
2009-02-09 11:25:00,14.27,31.7,2009-02-09 00:00:00,Kennet above Thames
2009-03-01 11:30:00,13.2,14.2,2009-03-01 00:00:00,Kennet above Thames
2009-04-05 11:45:00,9.43,10.5,2009-04-05 00:00:00,Kennet above Thames
2009-04-28 12:20:00,8.33,16.6,2009-04-28 00:00:00,Kennet above Thames
2009-05-26 07:05:00,5.93,12.9,2009-05-26 00:00:00,Kennet above Thames
2009-07-09 12:45:00,4.12,16.3,2009-07-09 00:00:00,Kennet above Thames
2009-07-28 10:31:00,3.83,7.3,2009-07-28 00:00:00,Kennet above Thames
2009-08-08 10:30:00,4.67,13.0,2009-08-08 00:00:00,Kennet above Thames
2009-09-17 11:30:00,3.1029999999999998,7.7,2009-09-17 00:00:00,Kennet above Thames
2009-10-27 10:30:00,2.912,4.5,2009-10-27 00:00:00,Kennet above Thames
2009-11-30 11:40:00,6.55,64.8,2009-11-30 00:00:00,Kennet above Thames
2010-01-15 14:10:00,8.71,23.1,2010-01-15 00:00:00,Kennet above Thames
2010-02-08 13:20:00,11.35,9.98,2010-02-08 00:00:00,Kennet above Thames
2010-03-05 11:30:00,11.48,7.37,2010-03-05 00:00:00,Kennet above Thames
2010-03-29 10:50:00,11.719999999999999,14.0,2010-03-29 00:00:00,Kennet above Thames
2010-04-27 07:55:00,9.5,10.9,2010-04-27 00:00:00,Kennet above Thames
2010-06-07 10:05:00,6.290000000000001,8.1,2010-06-07 00:00:00,Kennet above Thames
2010-06-30 14:10:00,4.640000000000001,8.77,2010-06-30 00:00:00,Kennet above Thames
2010-07-23 15:00:00,4.199999999999999,14.9,2010-07-23 00:00:00,Kennet above Thames
2010-08-31 10:20:00,3.5700000000000003,7.12,2010-08-31 00:00:00,Kennet above Thames
2010-10-20 13:30:00,3.088,12.3,2010-10-20 00:00:00,Kennet above Thames
2010-11-15 10:40:00,3.503,8.87,2010-11-15 00:00:00,Kennet above Thames
2011-01-06 14:15:00,3.62,21.5,2011-01-06 00:00:00,Kennet above Thames
2011-02-09 09:40:00,5.7299999999999995,8.97,2011-02-09 00:00:00,Kennet above Thames
2011-03-04 10:30:00,6.9,7.97,2011-03-04 00:00:00,Kennet above Thames
2011-04-06 13:25:00,6.38,10.9,2011-04-06 00:00:00,Kennet above Thames
2011-05-04 13:50:00,4.88,10.4,2011-05-04 00:00:00,Kennet above Thames
2011-06-02 15:00:00,4.03,7.2,2011-06-02 00:00:00,Kennet above Thames
2011-06-15 10:00:00,3.85,6.25,2011-06-15 00:00:00,Kennet above Thames
2011-07-18 09:20:00,3.31,11.9,2011-07-18 00:00:00,Kennet above Thames
2011-08-22 12:35:00,2.8040000000000003,8.95,2011-08-22 00:00:00,Kennet above Thames
2011-09-20 11:45:00,2.609,7.37,2011-09-20 00:00:00,Kennet above Thames
2011-10-18 12:30:00,2.363,14.3,2011-10-18 00:00:00,Kennet above Thames
2011-11-25 10:03:00,2.36,6.33,2011-11-25 00:00:00,Kennet above Thames
2012-01-09 15:45:00,3.1109999999999998,6.67,2012-01-09 00:00:00,Kennet above Thames
2012-02-02 10:30:00,3.1399999999999997,6.08,2012-02-02 00:00:00,Kennet above Thames
2012-02-17 10:00:00,3.2990000000000004,6.52,2012-02-17 00:00:00,Kennet above Thames
2012-02-29 11:05:00,3.1109999999999998,7.17,2012-02-29 00:00:00,Kennet above Thames
2012-04-11 15:30:00,3.303,10.3,2012-04-11 00:00:00,Kennet above Thames
2012-05-01 13:59:00,7.2299999999999995,47.0,2012-05-01 00:00:00,Kennet above Thames
2012-05-28 10:56:00,5.119,17.8,2012-05-28 00:00:00,Kennet above Thames
2012-07-10 10:19:00,7.609999999999999,16.7,2012-07-10 00:00:00,Kennet above Thames
2012-07-30 13:11:00,5.9799999999999995,11.2,2012-07-30 00:00:00,Kennet above Thames
2012-08-28 15:42:00,5.390000000000001,7.65,2012-08-28 00:00:00,Kennet above Thames
2012-09-24 11:11:00,6.14,20.0,2012-09-24 00:00:00,Kennet above Thames
2012-11-08 17:53:00,8.55,10.2,2012-11-08 00:00:00,Kennet above Thames
2012-11-23 10:55:00,11.91,39.3,2012-11-23 00:00:00,Kennet above Thames
